image_path,label,label_idx
data/raw/NEU-DET/train/images/crazing/crazing_1.jpg,crazing,0
data/raw/NEU-DET/train/images/crazing/crazing_100.jpg,crazing,0
data/raw/NEU-DET/train/images/crazing/crazing_101.jpg,crazing,0
data/raw/NEU-DET/train/images/crazing/crazing_102.jpg,crazing,0
data/raw/NEU-DET/train/images/crazing/crazing_103.jpg,crazing,0
data/raw/NEU-DET/train/images/crazing/crazing_104.jpg,crazing,0
data/raw/NEU-DET/train/images/crazing/crazing_105.jpg,crazing,0
data/raw/NEU-DET/train/images/crazing/crazing_106.jpg,crazing,0
data/raw/NEU-DET/train/images/crazing/crazing_107.jpg,crazing,0
data/raw/NEU-DET/train/images/crazing/crazing_108.jpg,crazing,0
data/raw/NEU-DET/train/images/crazing/crazing_109.jpg,crazing,0
data/raw/NEU-DET/train/images/crazing/crazing_11.jpg,crazing,0
data/raw/NEU-DET/train/images/crazing/crazing_110.jpg,crazing,0
data/raw/NEU-DET/train/images/crazing/crazing_112.jpg,crazing,0
data/raw/NEU-DET/train/images/crazing/crazing_113.jpg,crazing,0
data/raw/NEU-DET/train/images/crazing/crazing_114.jpg,crazing,0
data/raw/NEU-DET/train/images/crazing/crazing_115.jpg,crazing,0
data/raw/NEU-DET/train/images/crazing/crazing_116.jpg,crazing,0
data/raw/NEU-DET/train/images/crazing/crazing_119.jpg,crazing,0
data/raw/NEU-DET/train/images/crazing/crazing_12.jpg,crazing,0
data/raw/NEU-DET/train/images/crazing/crazing_120.jpg,crazing,0
data/raw/NEU-DET/train/images/crazing/crazing_121.jpg,crazing,0
data/raw/NEU-DET/train/images/crazing/crazing_122.jpg,crazing,0
data/raw/NEU-DET/train/images/crazing/crazing_123.jpg,crazing,0
data/raw/NEU-DET/train/images/crazing/crazing_124.jpg,crazing,0
data/raw/NEU-DET/train/images/crazing/crazing_125.jpg,crazing,0
data/raw/NEU-DET/train/images/crazing/crazing_126.jpg,crazing,0
data/raw/NEU-DET/train/images/crazing/crazing_127.jpg,crazing,0
data/raw/NEU-DET/train/images/crazing/crazing_128.jpg,crazing,0
data/raw/NEU-DET/train/images/crazing/crazing_129.jpg,crazing,0
data/raw/NEU-DET/train/images/crazing/crazing_13.jpg,crazing,0
data/raw/NEU-DET/train/images/crazing/crazing_130.jpg,crazing,0
data/raw/NEU-DET/train/images/crazing/crazing_131.jpg,crazing,0
data/raw/NEU-DET/train/images/crazing/crazing_133.jpg,crazing,0
data/raw/NEU-DET/train/images/crazing/crazing_134.jpg,crazing,0
data/raw/NEU-DET/train/images/crazing/crazing_135.jpg,crazing,0
data/raw/NEU-DET/train/images/crazing/crazing_136.jpg,crazing,0
data/raw/NEU-DET/train/images/crazing/crazing_137.jpg,crazing,0
data/raw/NEU-DET/train/images/crazing/crazing_138.jpg,crazing,0
data/raw/NEU-DET/train/images/crazing/crazing_139.jpg,crazing,0
data/raw/NEU-DET/train/images/crazing/crazing_14.jpg,crazing,0
data/raw/NEU-DET/train/images/crazing/crazing_140.jpg,crazing,0
data/raw/NEU-DET/train/images/crazing/crazing_141.jpg,crazing,0
data/raw/NEU-DET/train/images/crazing/crazing_143.jpg,crazing,0
data/raw/NEU-DET/train/images/crazing/crazing_144.jpg,crazing,0
data/raw/NEU-DET/train/images/crazing/crazing_145.jpg,crazing,0
data/raw/NEU-DET/train/images/crazing/crazing_147.jpg,crazing,0
data/raw/NEU-DET/train/images/crazing/crazing_148.jpg,crazing,0
data/raw/NEU-DET/train/images/crazing/crazing_149.jpg,crazing,0
data/raw/NEU-DET/train/images/crazing/crazing_15.jpg,crazing,0
data/raw/NEU-DET/train/images/crazing/crazing_152.jpg,crazing,0
data/raw/NEU-DET/train/images/crazing/crazing_153.jpg,crazing,0
data/raw/NEU-DET/train/images/crazing/crazing_154.jpg,crazing,0
data/raw/NEU-DET/train/images/crazing/crazing_155.jpg,crazing,0
data/raw/NEU-DET/train/images/crazing/crazing_156.jpg,crazing,0
data/raw/NEU-DET/train/images/crazing/crazing_157.jpg,crazing,0
data/raw/NEU-DET/train/images/crazing/crazing_158.jpg,crazing,0
data/raw/NEU-DET/train/images/crazing/crazing_159.jpg,crazing,0
data/raw/NEU-DET/train/images/crazing/crazing_16.jpg,crazing,0
data/raw/NEU-DET/train/images/crazing/crazing_160.jpg,crazing,0
data/raw/NEU-DET/train/images/crazing/crazing_161.jpg,crazing,0
data/raw/NEU-DET/train/images/crazing/crazing_162.jpg,crazing,0
data/raw/NEU-DET/train/images/crazing/crazing_164.jpg,crazing,0
data/raw/NEU-DET/train/images/crazing/crazing_165.jpg,crazing,0
data/raw/NEU-DET/train/images/crazing/crazing_167.jpg,crazing,0
data/raw/NEU-DET/train/images/crazing/crazing_168.jpg,crazing,0
data/raw/NEU-DET/train/images/crazing/crazing_169.jpg,crazing,0
data/raw/NEU-DET/train/images/crazing/crazing_17.jpg,crazing,0
data/raw/NEU-DET/train/images/crazing/crazing_170.jpg,crazing,0
data/raw/NEU-DET/train/images/crazing/crazing_171.jpg,crazing,0
data/raw/NEU-DET/train/images/crazing/crazing_172.jpg,crazing,0
data/raw/NEU-DET/train/images/crazing/crazing_173.jpg,crazing,0
data/raw/NEU-DET/train/images/crazing/crazing_174.jpg,crazing,0
data/raw/NEU-DET/train/images/crazing/crazing_175.jpg,crazing,0
data/raw/NEU-DET/train/images/crazing/crazing_176.jpg,crazing,0
data/raw/NEU-DET/train/images/crazing/crazing_177.jpg,crazing,0
data/raw/NEU-DET/train/images/crazing/crazing_18.jpg,crazing,0
data/raw/NEU-DET/train/images/crazing/crazing_180.jpg,crazing,0
data/raw/NEU-DET/train/images/crazing/crazing_181.jpg,crazing,0
data/raw/NEU-DET/train/images/crazing/crazing_182.jpg,crazing,0
data/raw/NEU-DET/train/images/crazing/crazing_183.jpg,crazing,0
data/raw/NEU-DET/train/images/crazing/crazing_184.jpg,crazing,0
data/raw/NEU-DET/train/images/crazing/crazing_185.jpg,crazing,0
data/raw/NEU-DET/train/images/crazing/crazing_186.jpg,crazing,0
data/raw/NEU-DET/train/images/crazing/crazing_187.jpg,crazing,0
data/raw/NEU-DET/train/images/crazing/crazing_188.jpg,crazing,0
data/raw/NEU-DET/train/images/crazing/crazing_19.jpg,crazing,0
data/raw/NEU-DET/train/images/crazing/crazing_190.jpg,crazing,0
data/raw/NEU-DET/train/images/crazing/crazing_193.jpg,crazing,0
data/raw/NEU-DET/train/images/crazing/crazing_194.jpg,crazing,0
data/raw/NEU-DET/train/images/crazing/crazing_195.jpg,crazing,0
data/raw/NEU-DET/train/images/crazing/crazing_196.jpg,crazing,0
data/raw/NEU-DET/train/images/crazing/crazing_197.jpg,crazing,0
data/raw/NEU-DET/train/images/crazing/crazing_198.jpg,crazing,0
data/raw/NEU-DET/train/images/crazing/crazing_199.jpg,crazing,0
data/raw/NEU-DET/train/images/crazing/crazing_2.jpg,crazing,0
data/raw/NEU-DET/train/images/crazing/crazing_20.jpg,crazing,0
data/raw/NEU-DET/train/images/crazing/crazing_200.jpg,crazing,0
data/raw/NEU-DET/train/images/crazing/crazing_201.jpg,crazing,0
data/raw/NEU-DET/train/images/crazing/crazing_202.jpg,crazing,0
data/raw/NEU-DET/train/images/crazing/crazing_204.jpg,crazing,0
data/raw/NEU-DET/train/images/crazing/crazing_205.jpg,crazing,0
data/raw/NEU-DET/train/images/crazing/crazing_206.jpg,crazing,0
data/raw/NEU-DET/train/images/crazing/crazing_207.jpg,crazing,0
data/raw/NEU-DET/train/images/crazing/crazing_209.jpg,crazing,0
data/raw/NEU-DET/train/images/crazing/crazing_21.jpg,crazing,0
data/raw/NEU-DET/train/images/crazing/crazing_210.jpg,crazing,0
data/raw/NEU-DET/train/images/crazing/crazing_211.jpg,crazing,0
data/raw/NEU-DET/train/images/crazing/crazing_212.jpg,crazing,0
data/raw/NEU-DET/train/images/crazing/crazing_213.jpg,crazing,0
data/raw/NEU-DET/train/images/crazing/crazing_214.jpg,crazing,0
data/raw/NEU-DET/train/images/crazing/crazing_217.jpg,crazing,0
data/raw/NEU-DET/train/images/crazing/crazing_218.jpg,crazing,0
data/raw/NEU-DET/train/images/crazing/crazing_219.jpg,crazing,0
data/raw/NEU-DET/train/images/crazing/crazing_22.jpg,crazing,0
data/raw/NEU-DET/train/images/crazing/crazing_220.jpg,crazing,0
data/raw/NEU-DET/train/images/crazing/crazing_221.jpg,crazing,0
data/raw/NEU-DET/train/images/crazing/crazing_222.jpg,crazing,0
data/raw/NEU-DET/train/images/crazing/crazing_223.jpg,crazing,0
data/raw/NEU-DET/train/images/crazing/crazing_224.jpg,crazing,0
data/raw/NEU-DET/train/images/crazing/crazing_225.jpg,crazing,0
data/raw/NEU-DET/train/images/crazing/crazing_226.jpg,crazing,0
data/raw/NEU-DET/train/images/crazing/crazing_227.jpg,crazing,0
data/raw/NEU-DET/train/images/crazing/crazing_228.jpg,crazing,0
data/raw/NEU-DET/train/images/crazing/crazing_229.jpg,crazing,0
data/raw/NEU-DET/train/images/crazing/crazing_23.jpg,crazing,0
data/raw/NEU-DET/train/images/crazing/crazing_230.jpg,crazing,0
data/raw/NEU-DET/train/images/crazing/crazing_231.jpg,crazing,0
data/raw/NEU-DET/train/images/crazing/crazing_232.jpg,crazing,0
data/raw/NEU-DET/train/images/crazing/crazing_234.jpg,crazing,0
data/raw/NEU-DET/train/images/crazing/crazing_236.jpg,crazing,0
data/raw/NEU-DET/train/images/crazing/crazing_237.jpg,crazing,0
data/raw/NEU-DET/train/images/crazing/crazing_238.jpg,crazing,0
data/raw/NEU-DET/train/images/crazing/crazing_239.jpg,crazing,0
data/raw/NEU-DET/train/images/crazing/crazing_24.jpg,crazing,0
data/raw/NEU-DET/train/images/crazing/crazing_25.jpg,crazing,0
data/raw/NEU-DET/train/images/crazing/crazing_26.jpg,crazing,0
data/raw/NEU-DET/train/images/crazing/crazing_28.jpg,crazing,0
data/raw/NEU-DET/train/images/crazing/crazing_29.jpg,crazing,0
data/raw/NEU-DET/train/images/crazing/crazing_3.jpg,crazing,0
data/raw/NEU-DET/train/images/crazing/crazing_30.jpg,crazing,0
data/raw/NEU-DET/train/images/crazing/crazing_31.jpg,crazing,0
data/raw/NEU-DET/train/images/crazing/crazing_32.jpg,crazing,0
data/raw/NEU-DET/train/images/crazing/crazing_33.jpg,crazing,0
data/raw/NEU-DET/train/images/crazing/crazing_34.jpg,crazing,0
data/raw/NEU-DET/train/images/crazing/crazing_36.jpg,crazing,0
data/raw/NEU-DET/train/images/crazing/crazing_37.jpg,crazing,0
data/raw/NEU-DET/train/images/crazing/crazing_38.jpg,crazing,0
data/raw/NEU-DET/train/images/crazing/crazing_39.jpg,crazing,0
data/raw/NEU-DET/train/images/crazing/crazing_4.jpg,crazing,0
data/raw/NEU-DET/train/images/crazing/crazing_40.jpg,crazing,0
data/raw/NEU-DET/train/images/crazing/crazing_41.jpg,crazing,0
data/raw/NEU-DET/train/images/crazing/crazing_42.jpg,crazing,0
data/raw/NEU-DET/train/images/crazing/crazing_43.jpg,crazing,0
data/raw/NEU-DET/train/images/crazing/crazing_44.jpg,crazing,0
data/raw/NEU-DET/train/images/crazing/crazing_45.jpg,crazing,0
data/raw/NEU-DET/train/images/crazing/crazing_46.jpg,crazing,0
data/raw/NEU-DET/train/images/crazing/crazing_47.jpg,crazing,0
data/raw/NEU-DET/train/images/crazing/crazing_48.jpg,crazing,0
data/raw/NEU-DET/train/images/crazing/crazing_49.jpg,crazing,0
data/raw/NEU-DET/train/images/crazing/crazing_5.jpg,crazing,0
data/raw/NEU-DET/train/images/crazing/crazing_50.jpg,crazing,0
data/raw/NEU-DET/train/images/crazing/crazing_54.jpg,crazing,0
data/raw/NEU-DET/train/images/crazing/crazing_56.jpg,crazing,0
data/raw/NEU-DET/train/images/crazing/crazing_57.jpg,crazing,0
data/raw/NEU-DET/train/images/crazing/crazing_58.jpg,crazing,0
data/raw/NEU-DET/train/images/crazing/crazing_59.jpg,crazing,0
data/raw/NEU-DET/train/images/crazing/crazing_6.jpg,crazing,0
data/raw/NEU-DET/train/images/crazing/crazing_60.jpg,crazing,0
data/raw/NEU-DET/train/images/crazing/crazing_61.jpg,crazing,0
data/raw/NEU-DET/train/images/crazing/crazing_62.jpg,crazing,0
data/raw/NEU-DET/train/images/crazing/crazing_63.jpg,crazing,0
data/raw/NEU-DET/train/images/crazing/crazing_64.jpg,crazing,0
data/raw/NEU-DET/train/images/crazing/crazing_67.jpg,crazing,0
data/raw/NEU-DET/train/images/crazing/crazing_68.jpg,crazing,0
data/raw/NEU-DET/train/images/crazing/crazing_69.jpg,crazing,0
data/raw/NEU-DET/train/images/crazing/crazing_7.jpg,crazing,0
data/raw/NEU-DET/train/images/crazing/crazing_70.jpg,crazing,0
data/raw/NEU-DET/train/images/crazing/crazing_71.jpg,crazing,0
data/raw/NEU-DET/train/images/crazing/crazing_73.jpg,crazing,0
data/raw/NEU-DET/train/images/crazing/crazing_74.jpg,crazing,0
data/raw/NEU-DET/train/images/crazing/crazing_75.jpg,crazing,0
data/raw/NEU-DET/train/images/crazing/crazing_77.jpg,crazing,0
data/raw/NEU-DET/train/images/crazing/crazing_79.jpg,crazing,0
data/raw/NEU-DET/train/images/crazing/crazing_8.jpg,crazing,0
data/raw/NEU-DET/train/images/crazing/crazing_80.jpg,crazing,0
data/raw/NEU-DET/train/images/crazing/crazing_81.jpg,crazing,0
data/raw/NEU-DET/train/images/crazing/crazing_82.jpg,crazing,0
data/raw/NEU-DET/train/images/crazing/crazing_83.jpg,crazing,0
data/raw/NEU-DET/train/images/crazing/crazing_84.jpg,crazing,0
data/raw/NEU-DET/train/images/crazing/crazing_85.jpg,crazing,0
data/raw/NEU-DET/train/images/crazing/crazing_86.jpg,crazing,0
data/raw/NEU-DET/train/images/crazing/crazing_87.jpg,crazing,0
data/raw/NEU-DET/train/images/crazing/crazing_88.jpg,crazing,0
data/raw/NEU-DET/train/images/crazing/crazing_89.jpg,crazing,0
data/raw/NEU-DET/train/images/crazing/crazing_9.jpg,crazing,0
data/raw/NEU-DET/train/images/crazing/crazing_91.jpg,crazing,0
data/raw/NEU-DET/train/images/crazing/crazing_92.jpg,crazing,0
data/raw/NEU-DET/train/images/crazing/crazing_93.jpg,crazing,0
data/raw/NEU-DET/train/images/crazing/crazing_94.jpg,crazing,0
data/raw/NEU-DET/train/images/crazing/crazing_95.jpg,crazing,0
data/raw/NEU-DET/train/images/crazing/crazing_96.jpg,crazing,0
data/raw/NEU-DET/train/images/crazing/crazing_98.jpg,crazing,0
data/raw/NEU-DET/train/images/crazing/crazing_99.jpg,crazing,0
data/raw/NEU-DET/train/images/inclusion/inclusion_1.jpg,inclusion,1
data/raw/NEU-DET/train/images/inclusion/inclusion_100.jpg,inclusion,1
data/raw/NEU-DET/train/images/inclusion/inclusion_101.jpg,inclusion,1
data/raw/NEU-DET/train/images/inclusion/inclusion_102.jpg,inclusion,1
data/raw/NEU-DET/train/images/inclusion/inclusion_103.jpg,inclusion,1
data/raw/NEU-DET/train/images/inclusion/inclusion_105.jpg,inclusion,1
data/raw/NEU-DET/train/images/inclusion/inclusion_107.jpg,inclusion,1
data/raw/NEU-DET/train/images/inclusion/inclusion_109.jpg,inclusion,1
data/raw/NEU-DET/train/images/inclusion/inclusion_11.jpg,inclusion,1
data/raw/NEU-DET/train/images/inclusion/inclusion_110.jpg,inclusion,1
data/raw/NEU-DET/train/images/inclusion/inclusion_111.jpg,inclusion,1
data/raw/NEU-DET/train/images/inclusion/inclusion_112.jpg,inclusion,1
data/raw/NEU-DET/train/images/inclusion/inclusion_113.jpg,inclusion,1
data/raw/NEU-DET/train/images/inclusion/inclusion_114.jpg,inclusion,1
data/raw/NEU-DET/train/images/inclusion/inclusion_115.jpg,inclusion,1
data/raw/NEU-DET/train/images/inclusion/inclusion_116.jpg,inclusion,1
data/raw/NEU-DET/train/images/inclusion/inclusion_117.jpg,inclusion,1
data/raw/NEU-DET/train/images/inclusion/inclusion_118.jpg,inclusion,1
data/raw/NEU-DET/train/images/inclusion/inclusion_119.jpg,inclusion,1
data/raw/NEU-DET/train/images/inclusion/inclusion_12.jpg,inclusion,1
data/raw/NEU-DET/train/images/inclusion/inclusion_120.jpg,inclusion,1
data/raw/NEU-DET/train/images/inclusion/inclusion_121.jpg,inclusion,1
data/raw/NEU-DET/train/images/inclusion/inclusion_122.jpg,inclusion,1
data/raw/NEU-DET/train/images/inclusion/inclusion_123.jpg,inclusion,1
data/raw/NEU-DET/train/images/inclusion/inclusion_124.jpg,inclusion,1
data/raw/NEU-DET/train/images/inclusion/inclusion_125.jpg,inclusion,1
data/raw/NEU-DET/train/images/inclusion/inclusion_126.jpg,inclusion,1
data/raw/NEU-DET/train/images/inclusion/inclusion_127.jpg,inclusion,1
data/raw/NEU-DET/train/images/inclusion/inclusion_128.jpg,inclusion,1
data/raw/NEU-DET/train/images/inclusion/inclusion_129.jpg,inclusion,1
data/raw/NEU-DET/train/images/inclusion/inclusion_13.jpg,inclusion,1
data/raw/NEU-DET/train/images/inclusion/inclusion_130.jpg,inclusion,1
data/raw/NEU-DET/train/images/inclusion/inclusion_132.jpg,inclusion,1
data/raw/NEU-DET/train/images/inclusion/inclusion_134.jpg,inclusion,1
data/raw/NEU-DET/train/images/inclusion/inclusion_135.jpg,inclusion,1
data/raw/NEU-DET/train/images/inclusion/inclusion_137.jpg,inclusion,1
data/raw/NEU-DET/train/images/inclusion/inclusion_138.jpg,inclusion,1
data/raw/NEU-DET/train/images/inclusion/inclusion_139.jpg,inclusion,1
data/raw/NEU-DET/train/images/inclusion/inclusion_14.jpg,inclusion,1
data/raw/NEU-DET/train/images/inclusion/inclusion_140.jpg,inclusion,1
data/raw/NEU-DET/train/images/inclusion/inclusion_142.jpg,inclusion,1
data/raw/NEU-DET/train/images/inclusion/inclusion_143.jpg,inclusion,1
data/raw/NEU-DET/train/images/inclusion/inclusion_144.jpg,inclusion,1
data/raw/NEU-DET/train/images/inclusion/inclusion_145.jpg,inclusion,1
data/raw/NEU-DET/train/images/inclusion/inclusion_146.jpg,inclusion,1
data/raw/NEU-DET/train/images/inclusion/inclusion_147.jpg,inclusion,1
data/raw/NEU-DET/train/images/inclusion/inclusion_148.jpg,inclusion,1
data/raw/NEU-DET/train/images/inclusion/inclusion_149.jpg,inclusion,1
data/raw/NEU-DET/train/images/inclusion/inclusion_15.jpg,inclusion,1
data/raw/NEU-DET/train/images/inclusion/inclusion_150.jpg,inclusion,1
data/raw/NEU-DET/train/images/inclusion/inclusion_151.jpg,inclusion,1
data/raw/NEU-DET/train/images/inclusion/inclusion_153.jpg,inclusion,1
data/raw/NEU-DET/train/images/inclusion/inclusion_154.jpg,inclusion,1
data/raw/NEU-DET/train/images/inclusion/inclusion_155.jpg,inclusion,1
data/raw/NEU-DET/train/images/inclusion/inclusion_156.jpg,inclusion,1
data/raw/NEU-DET/train/images/inclusion/inclusion_157.jpg,inclusion,1
data/raw/NEU-DET/train/images/inclusion/inclusion_158.jpg,inclusion,1
data/raw/NEU-DET/train/images/inclusion/inclusion_159.jpg,inclusion,1
data/raw/NEU-DET/train/images/inclusion/inclusion_16.jpg,inclusion,1
data/raw/NEU-DET/train/images/inclusion/inclusion_160.jpg,inclusion,1
data/raw/NEU-DET/train/images/inclusion/inclusion_161.jpg,inclusion,1
data/raw/NEU-DET/train/images/inclusion/inclusion_162.jpg,inclusion,1
data/raw/NEU-DET/train/images/inclusion/inclusion_163.jpg,inclusion,1
data/raw/NEU-DET/train/images/inclusion/inclusion_164.jpg,inclusion,1
data/raw/NEU-DET/train/images/inclusion/inclusion_165.jpg,inclusion,1
data/raw/NEU-DET/train/images/inclusion/inclusion_166.jpg,inclusion,1
data/raw/NEU-DET/train/images/inclusion/inclusion_167.jpg,inclusion,1
data/raw/NEU-DET/train/images/inclusion/inclusion_168.jpg,inclusion,1
data/raw/NEU-DET/train/images/inclusion/inclusion_169.jpg,inclusion,1
data/raw/NEU-DET/train/images/inclusion/inclusion_17.jpg,inclusion,1
data/raw/NEU-DET/train/images/inclusion/inclusion_170.jpg,inclusion,1
data/raw/NEU-DET/train/images/inclusion/inclusion_171.jpg,inclusion,1
data/raw/NEU-DET/train/images/inclusion/inclusion_173.jpg,inclusion,1
data/raw/NEU-DET/train/images/inclusion/inclusion_174.jpg,inclusion,1
data/raw/NEU-DET/train/images/inclusion/inclusion_175.jpg,inclusion,1
data/raw/NEU-DET/train/images/inclusion/inclusion_176.jpg,inclusion,1
data/raw/NEU-DET/train/images/inclusion/inclusion_177.jpg,inclusion,1
data/raw/NEU-DET/train/images/inclusion/inclusion_178.jpg,inclusion,1
data/raw/NEU-DET/train/images/inclusion/inclusion_179.jpg,inclusion,1
data/raw/NEU-DET/train/images/inclusion/inclusion_180.jpg,inclusion,1
data/raw/NEU-DET/train/images/inclusion/inclusion_181.jpg,inclusion,1
data/raw/NEU-DET/train/images/inclusion/inclusion_182.jpg,inclusion,1
data/raw/NEU-DET/train/images/inclusion/inclusion_183.jpg,inclusion,1
data/raw/NEU-DET/train/images/inclusion/inclusion_184.jpg,inclusion,1
data/raw/NEU-DET/train/images/inclusion/inclusion_185.jpg,inclusion,1
data/raw/NEU-DET/train/images/inclusion/inclusion_186.jpg,inclusion,1
data/raw/NEU-DET/train/images/inclusion/inclusion_187.jpg,inclusion,1
data/raw/NEU-DET/train/images/inclusion/inclusion_189.jpg,inclusion,1
data/raw/NEU-DET/train/images/inclusion/inclusion_19.jpg,inclusion,1
data/raw/NEU-DET/train/images/inclusion/inclusion_190.jpg,inclusion,1
data/raw/NEU-DET/train/images/inclusion/inclusion_191.jpg,inclusion,1
data/raw/NEU-DET/train/images/inclusion/inclusion_193.jpg,inclusion,1
data/raw/NEU-DET/train/images/inclusion/inclusion_194.jpg,inclusion,1
data/raw/NEU-DET/train/images/inclusion/inclusion_195.jpg,inclusion,1
data/raw/NEU-DET/train/images/inclusion/inclusion_196.jpg,inclusion,1
data/raw/NEU-DET/train/images/inclusion/inclusion_197.jpg,inclusion,1
data/raw/NEU-DET/train/images/inclusion/inclusion_198.jpg,inclusion,1
data/raw/NEU-DET/train/images/inclusion/inclusion_199.jpg,inclusion,1
data/raw/NEU-DET/train/images/inclusion/inclusion_200.jpg,inclusion,1
data/raw/NEU-DET/train/images/inclusion/inclusion_201.jpg,inclusion,1
data/raw/NEU-DET/train/images/inclusion/inclusion_202.jpg,inclusion,1
data/raw/NEU-DET/train/images/inclusion/inclusion_203.jpg,inclusion,1
data/raw/NEU-DET/train/images/inclusion/inclusion_204.jpg,inclusion,1
data/raw/NEU-DET/train/images/inclusion/inclusion_205.jpg,inclusion,1
data/raw/NEU-DET/train/images/inclusion/inclusion_206.jpg,inclusion,1
data/raw/NEU-DET/train/images/inclusion/inclusion_207.jpg,inclusion,1
data/raw/NEU-DET/train/images/inclusion/inclusion_208.jpg,inclusion,1
data/raw/NEU-DET/train/images/inclusion/inclusion_209.jpg,inclusion,1
data/raw/NEU-DET/train/images/inclusion/inclusion_21.jpg,inclusion,1
data/raw/NEU-DET/train/images/inclusion/inclusion_210.jpg,inclusion,1
data/raw/NEU-DET/train/images/inclusion/inclusion_211.jpg,inclusion,1
data/raw/NEU-DET/train/images/inclusion/inclusion_212.jpg,inclusion,1
data/raw/NEU-DET/train/images/inclusion/inclusion_215.jpg,inclusion,1
data/raw/NEU-DET/train/images/inclusion/inclusion_217.jpg,inclusion,1
data/raw/NEU-DET/train/images/inclusion/inclusion_218.jpg,inclusion,1
data/raw/NEU-DET/train/images/inclusion/inclusion_219.jpg,inclusion,1
data/raw/NEU-DET/train/images/inclusion/inclusion_22.jpg,inclusion,1
data/raw/NEU-DET/train/images/inclusion/inclusion_220.jpg,inclusion,1
data/raw/NEU-DET/train/images/inclusion/inclusion_221.jpg,inclusion,1
data/raw/NEU-DET/train/images/inclusion/inclusion_222.jpg,inclusion,1
data/raw/NEU-DET/train/images/inclusion/inclusion_223.jpg,inclusion,1
data/raw/NEU-DET/train/images/inclusion/inclusion_225.jpg,inclusion,1
data/raw/NEU-DET/train/images/inclusion/inclusion_226.jpg,inclusion,1
data/raw/NEU-DET/train/images/inclusion/inclusion_227.jpg,inclusion,1
data/raw/NEU-DET/train/images/inclusion/inclusion_229.jpg,inclusion,1
data/raw/NEU-DET/train/images/inclusion/inclusion_23.jpg,inclusion,1
data/raw/NEU-DET/train/images/inclusion/inclusion_231.jpg,inclusion,1
data/raw/NEU-DET/train/images/inclusion/inclusion_232.jpg,inclusion,1
data/raw/NEU-DET/train/images/inclusion/inclusion_233.jpg,inclusion,1
data/raw/NEU-DET/train/images/inclusion/inclusion_235.jpg,inclusion,1
data/raw/NEU-DET/train/images/inclusion/inclusion_236.jpg,inclusion,1
data/raw/NEU-DET/train/images/inclusion/inclusion_237.jpg,inclusion,1
data/raw/NEU-DET/train/images/inclusion/inclusion_238.jpg,inclusion,1
data/raw/NEU-DET/train/images/inclusion/inclusion_239.jpg,inclusion,1
data/raw/NEU-DET/train/images/inclusion/inclusion_24.jpg,inclusion,1
data/raw/NEU-DET/train/images/inclusion/inclusion_240.jpg,inclusion,1
data/raw/NEU-DET/train/images/inclusion/inclusion_28.jpg,inclusion,1
data/raw/NEU-DET/train/images/inclusion/inclusion_29.jpg,inclusion,1
data/raw/NEU-DET/train/images/inclusion/inclusion_3.jpg,inclusion,1
data/raw/NEU-DET/train/images/inclusion/inclusion_30.jpg,inclusion,1
data/raw/NEU-DET/train/images/inclusion/inclusion_31.jpg,inclusion,1
data/raw/NEU-DET/train/images/inclusion/inclusion_32.jpg,inclusion,1
data/raw/NEU-DET/train/images/inclusion/inclusion_34.jpg,inclusion,1
data/raw/NEU-DET/train/images/inclusion/inclusion_35.jpg,inclusion,1
data/raw/NEU-DET/train/images/inclusion/inclusion_36.jpg,inclusion,1
data/raw/NEU-DET/train/images/inclusion/inclusion_37.jpg,inclusion,1
data/raw/NEU-DET/train/images/inclusion/inclusion_38.jpg,inclusion,1
data/raw/NEU-DET/train/images/inclusion/inclusion_39.jpg,inclusion,1
data/raw/NEU-DET/train/images/inclusion/inclusion_4.jpg,inclusion,1
data/raw/NEU-DET/train/images/inclusion/inclusion_40.jpg,inclusion,1
data/raw/NEU-DET/train/images/inclusion/inclusion_41.jpg,inclusion,1
data/raw/NEU-DET/train/images/inclusion/inclusion_43.jpg,inclusion,1
data/raw/NEU-DET/train/images/inclusion/inclusion_44.jpg,inclusion,1
data/raw/NEU-DET/train/images/inclusion/inclusion_45.jpg,inclusion,1
data/raw/NEU-DET/train/images/inclusion/inclusion_46.jpg,inclusion,1
data/raw/NEU-DET/train/images/inclusion/inclusion_47.jpg,inclusion,1
data/raw/NEU-DET/train/images/inclusion/inclusion_48.jpg,inclusion,1
data/raw/NEU-DET/train/images/inclusion/inclusion_5.jpg,inclusion,1
data/raw/NEU-DET/train/images/inclusion/inclusion_50.jpg,inclusion,1
data/raw/NEU-DET/train/images/inclusion/inclusion_51.jpg,inclusion,1
data/raw/NEU-DET/train/images/inclusion/inclusion_52.jpg,inclusion,1
data/raw/NEU-DET/train/images/inclusion/inclusion_53.jpg,inclusion,1
data/raw/NEU-DET/train/images/inclusion/inclusion_54.jpg,inclusion,1
data/raw/NEU-DET/train/images/inclusion/inclusion_55.jpg,inclusion,1
data/raw/NEU-DET/train/images/inclusion/inclusion_56.jpg,inclusion,1
data/raw/NEU-DET/train/images/inclusion/inclusion_57.jpg,inclusion,1
data/raw/NEU-DET/train/images/inclusion/inclusion_58.jpg,inclusion,1
data/raw/NEU-DET/train/images/inclusion/inclusion_59.jpg,inclusion,1
data/raw/NEU-DET/train/images/inclusion/inclusion_60.jpg,inclusion,1
data/raw/NEU-DET/train/images/inclusion/inclusion_61.jpg,inclusion,1
data/raw/NEU-DET/train/images/inclusion/inclusion_62.jpg,inclusion,1
data/raw/NEU-DET/train/images/inclusion/inclusion_63.jpg,inclusion,1
data/raw/NEU-DET/train/images/inclusion/inclusion_64.jpg,inclusion,1
data/raw/NEU-DET/train/images/inclusion/inclusion_65.jpg,inclusion,1
data/raw/NEU-DET/train/images/inclusion/inclusion_66.jpg,inclusion,1
data/raw/NEU-DET/train/images/inclusion/inclusion_67.jpg,inclusion,1
data/raw/NEU-DET/train/images/inclusion/inclusion_68.jpg,inclusion,1
data/raw/NEU-DET/train/images/inclusion/inclusion_69.jpg,inclusion,1
data/raw/NEU-DET/train/images/inclusion/inclusion_7.jpg,inclusion,1
data/raw/NEU-DET/train/images/inclusion/inclusion_70.jpg,inclusion,1
data/raw/NEU-DET/train/images/inclusion/inclusion_71.jpg,inclusion,1
data/raw/NEU-DET/train/images/inclusion/inclusion_72.jpg,inclusion,1
data/raw/NEU-DET/train/images/inclusion/inclusion_73.jpg,inclusion,1
data/raw/NEU-DET/train/images/inclusion/inclusion_74.jpg,inclusion,1
data/raw/NEU-DET/train/images/inclusion/inclusion_76.jpg,inclusion,1
data/raw/NEU-DET/train/images/inclusion/inclusion_77.jpg,inclusion,1
data/raw/NEU-DET/train/images/inclusion/inclusion_79.jpg,inclusion,1
data/raw/NEU-DET/train/images/inclusion/inclusion_8.jpg,inclusion,1
data/raw/NEU-DET/train/images/inclusion/inclusion_81.jpg,inclusion,1
data/raw/NEU-DET/train/images/inclusion/inclusion_84.jpg,inclusion,1
data/raw/NEU-DET/train/images/inclusion/inclusion_85.jpg,inclusion,1
data/raw/NEU-DET/train/images/inclusion/inclusion_86.jpg,inclusion,1
data/raw/NEU-DET/train/images/inclusion/inclusion_87.jpg,inclusion,1
data/raw/NEU-DET/train/images/inclusion/inclusion_88.jpg,inclusion,1
data/raw/NEU-DET/train/images/inclusion/inclusion_89.jpg,inclusion,1
data/raw/NEU-DET/train/images/inclusion/inclusion_9.jpg,inclusion,1
data/raw/NEU-DET/train/images/inclusion/inclusion_90.jpg,inclusion,1
data/raw/NEU-DET/train/images/inclusion/inclusion_91.jpg,inclusion,1
data/raw/NEU-DET/train/images/inclusion/inclusion_93.jpg,inclusion,1
data/raw/NEU-DET/train/images/inclusion/inclusion_94.jpg,inclusion,1
data/raw/NEU-DET/train/images/inclusion/inclusion_95.jpg,inclusion,1
data/raw/NEU-DET/train/images/inclusion/inclusion_96.jpg,inclusion,1
data/raw/NEU-DET/train/images/inclusion/inclusion_97.jpg,inclusion,1
data/raw/NEU-DET/train/images/inclusion/inclusion_98.jpg,inclusion,1
data/raw/NEU-DET/train/images/patches/patches_100.jpg,patches,2
data/raw/NEU-DET/train/images/patches/patches_102.jpg,patches,2
data/raw/NEU-DET/train/images/patches/patches_103.jpg,patches,2
data/raw/NEU-DET/train/images/patches/patches_104.jpg,patches,2
data/raw/NEU-DET/train/images/patches/patches_106.jpg,patches,2
data/raw/NEU-DET/train/images/patches/patches_107.jpg,patches,2
data/raw/NEU-DET/train/images/patches/patches_108.jpg,patches,2
data/raw/NEU-DET/train/images/patches/patches_109.jpg,patches,2
data/raw/NEU-DET/train/images/patches/patches_110.jpg,patches,2
data/raw/NEU-DET/train/images/patches/patches_111.jpg,patches,2
data/raw/NEU-DET/train/images/patches/patches_112.jpg,patches,2
data/raw/NEU-DET/train/images/patches/patches_114.jpg,patches,2
data/raw/NEU-DET/train/images/patches/patches_115.jpg,patches,2
data/raw/NEU-DET/train/images/patches/patches_116.jpg,patches,2
data/raw/NEU-DET/train/images/patches/patches_117.jpg,patches,2
data/raw/NEU-DET/train/images/patches/patches_118.jpg,patches,2
data/raw/NEU-DET/train/images/patches/patches_119.jpg,patches,2
data/raw/NEU-DET/train/images/patches/patches_12.jpg,patches,2
data/raw/NEU-DET/train/images/patches/patches_121.jpg,patches,2
data/raw/NEU-DET/train/images/patches/patches_122.jpg,patches,2
data/raw/NEU-DET/train/images/patches/patches_123.jpg,patches,2
data/raw/NEU-DET/train/images/patches/patches_124.jpg,patches,2
data/raw/NEU-DET/train/images/patches/patches_125.jpg,patches,2
data/raw/NEU-DET/train/images/patches/patches_126.jpg,patches,2
data/raw/NEU-DET/train/images/patches/patches_127.jpg,patches,2
data/raw/NEU-DET/train/images/patches/patches_128.jpg,patches,2
data/raw/NEU-DET/train/images/patches/patches_130.jpg,patches,2
data/raw/NEU-DET/train/images/patches/patches_131.jpg,patches,2
data/raw/NEU-DET/train/images/patches/patches_132.jpg,patches,2
data/raw/NEU-DET/train/images/patches/patches_133.jpg,patches,2
data/raw/NEU-DET/train/images/patches/patches_134.jpg,patches,2
data/raw/NEU-DET/train/images/patches/patches_135.jpg,patches,2
data/raw/NEU-DET/train/images/patches/patches_136.jpg,patches,2
data/raw/NEU-DET/train/images/patches/patches_137.jpg,patches,2
data/raw/NEU-DET/train/images/patches/patches_138.jpg,patches,2
data/raw/NEU-DET/train/images/patches/patches_139.jpg,patches,2
data/raw/NEU-DET/train/images/patches/patches_14.jpg,patches,2
data/raw/NEU-DET/train/images/patches/patches_140.jpg,patches,2
data/raw/NEU-DET/train/images/patches/patches_141.jpg,patches,2
data/raw/NEU-DET/train/images/patches/patches_142.jpg,patches,2
data/raw/NEU-DET/train/images/patches/patches_143.jpg,patches,2
data/raw/NEU-DET/train/images/patches/patches_144.jpg,patches,2
data/raw/NEU-DET/train/images/patches/patches_145.jpg,patches,2
data/raw/NEU-DET/train/images/patches/patches_146.jpg,patches,2
data/raw/NEU-DET/train/images/patches/patches_147.jpg,patches,2
data/raw/NEU-DET/train/images/patches/patches_148.jpg,patches,2
data/raw/NEU-DET/train/images/patches/patches_149.jpg,patches,2
data/raw/NEU-DET/train/images/patches/patches_15.jpg,patches,2
data/raw/NEU-DET/train/images/patches/patches_150.jpg,patches,2
data/raw/NEU-DET/train/images/patches/patches_151.jpg,patches,2
data/raw/NEU-DET/train/images/patches/patches_152.jpg,patches,2
data/raw/NEU-DET/train/images/patches/patches_153.jpg,patches,2
data/raw/NEU-DET/train/images/patches/patches_154.jpg,patches,2
data/raw/NEU-DET/train/images/patches/patches_155.jpg,patches,2
data/raw/NEU-DET/train/images/patches/patches_156.jpg,patches,2
data/raw/NEU-DET/train/images/patches/patches_157.jpg,patches,2
data/raw/NEU-DET/train/images/patches/patches_159.jpg,patches,2
data/raw/NEU-DET/train/images/patches/patches_160.jpg,patches,2
data/raw/NEU-DET/train/images/patches/patches_162.jpg,patches,2
data/raw/NEU-DET/train/images/patches/patches_163.jpg,patches,2
data/raw/NEU-DET/train/images/patches/patches_164.jpg,patches,2
data/raw/NEU-DET/train/images/patches/patches_165.jpg,patches,2
data/raw/NEU-DET/train/images/patches/patches_166.jpg,patches,2
data/raw/NEU-DET/train/images/patches/patches_167.jpg,patches,2
data/raw/NEU-DET/train/images/patches/patches_168.jpg,patches,2
data/raw/NEU-DET/train/images/patches/patches_169.jpg,patches,2
data/raw/NEU-DET/train/images/patches/patches_17.jpg,patches,2
data/raw/NEU-DET/train/images/patches/patches_170.jpg,patches,2
data/raw/NEU-DET/train/images/patches/patches_172.jpg,patches,2
data/raw/NEU-DET/train/images/patches/patches_173.jpg,patches,2
data/raw/NEU-DET/train/images/patches/patches_174.jpg,patches,2
data/raw/NEU-DET/train/images/patches/patches_176.jpg,patches,2
data/raw/NEU-DET/train/images/patches/patches_177.jpg,patches,2
data/raw/NEU-DET/train/images/patches/patches_178.jpg,patches,2
data/raw/NEU-DET/train/images/patches/patches_179.jpg,patches,2
data/raw/NEU-DET/train/images/patches/patches_18.jpg,patches,2
data/raw/NEU-DET/train/images/patches/patches_180.jpg,patches,2
data/raw/NEU-DET/train/images/patches/patches_181.jpg,patches,2
data/raw/NEU-DET/train/images/patches/patches_182.jpg,patches,2
data/raw/NEU-DET/train/images/patches/patches_183.jpg,patches,2
data/raw/NEU-DET/train/images/patches/patches_184.jpg,patches,2
data/raw/NEU-DET/train/images/patches/patches_185.jpg,patches,2
data/raw/NEU-DET/train/images/patches/patches_187.jpg,patches,2
data/raw/NEU-DET/train/images/patches/patches_188.jpg,patches,2
data/raw/NEU-DET/train/images/patches/patches_189.jpg,patches,2
data/raw/NEU-DET/train/images/patches/patches_191.jpg,patches,2
data/raw/NEU-DET/train/images/patches/patches_192.jpg,patches,2
data/raw/NEU-DET/train/images/patches/patches_193.jpg,patches,2
data/raw/NEU-DET/train/images/patches/patches_194.jpg,patches,2
data/raw/NEU-DET/train/images/patches/patches_195.jpg,patches,2
data/raw/NEU-DET/train/images/patches/patches_196.jpg,patches,2
data/raw/NEU-DET/train/images/patches/patches_197.jpg,patches,2
data/raw/NEU-DET/train/images/patches/patches_198.jpg,patches,2
data/raw/NEU-DET/train/images/patches/patches_199.jpg,patches,2
data/raw/NEU-DET/train/images/patches/patches_2.jpg,patches,2
data/raw/NEU-DET/train/images/patches/patches_20.jpg,patches,2
data/raw/NEU-DET/train/images/patches/patches_200.jpg,patches,2
data/raw/NEU-DET/train/images/patches/patches_201.jpg,patches,2
data/raw/NEU-DET/train/images/patches/patches_202.jpg,patches,2
data/raw/NEU-DET/train/images/patches/patches_203.jpg,patches,2
data/raw/NEU-DET/train/images/patches/patches_204.jpg,patches,2
data/raw/NEU-DET/train/images/patches/patches_205.jpg,patches,2
data/raw/NEU-DET/train/images/patches/patches_206.jpg,patches,2
data/raw/NEU-DET/train/images/patches/patches_207.jpg,patches,2
data/raw/NEU-DET/train/images/patches/patches_208.jpg,patches,2
data/raw/NEU-DET/train/images/patches/patches_209.jpg,patches,2
data/raw/NEU-DET/train/images/patches/patches_21.jpg,patches,2
data/raw/NEU-DET/train/images/patches/patches_211.jpg,patches,2
data/raw/NEU-DET/train/images/patches/patches_212.jpg,patches,2
data/raw/NEU-DET/train/images/patches/patches_213.jpg,patches,2
data/raw/NEU-DET/train/images/patches/patches_215.jpg,patches,2
data/raw/NEU-DET/train/images/patches/patches_216.jpg,patches,2
data/raw/NEU-DET/train/images/patches/patches_217.jpg,patches,2
data/raw/NEU-DET/train/images/patches/patches_218.jpg,patches,2
data/raw/NEU-DET/train/images/patches/patches_219.jpg,patches,2
data/raw/NEU-DET/train/images/patches/patches_22.jpg,patches,2
data/raw/NEU-DET/train/images/patches/patches_220.jpg,patches,2
data/raw/NEU-DET/train/images/patches/patches_221.jpg,patches,2
data/raw/NEU-DET/train/images/patches/patches_222.jpg,patches,2
data/raw/NEU-DET/train/images/patches/patches_224.jpg,patches,2
data/raw/NEU-DET/train/images/patches/patches_226.jpg,patches,2
data/raw/NEU-DET/train/images/patches/patches_227.jpg,patches,2
data/raw/NEU-DET/train/images/patches/patches_228.jpg,patches,2
data/raw/NEU-DET/train/images/patches/patches_229.jpg,patches,2
data/raw/NEU-DET/train/images/patches/patches_23.jpg,patches,2
data/raw/NEU-DET/train/images/patches/patches_230.jpg,patches,2
data/raw/NEU-DET/train/images/patches/patches_232.jpg,patches,2
data/raw/NEU-DET/train/images/patches/patches_233.jpg,patches,2
data/raw/NEU-DET/train/images/patches/patches_234.jpg,patches,2
data/raw/NEU-DET/train/images/patches/patches_235.jpg,patches,2
data/raw/NEU-DET/train/images/patches/patches_237.jpg,patches,2
data/raw/NEU-DET/train/images/patches/patches_238.jpg,patches,2
data/raw/NEU-DET/train/images/patches/patches_239.jpg,patches,2
data/raw/NEU-DET/train/images/patches/patches_24.jpg,patches,2
data/raw/NEU-DET/train/images/patches/patches_240.jpg,patches,2
data/raw/NEU-DET/train/images/patches/patches_25.jpg,patches,2
data/raw/NEU-DET/train/images/patches/patches_26.jpg,patches,2
data/raw/NEU-DET/train/images/patches/patches_29.jpg,patches,2
data/raw/NEU-DET/train/images/patches/patches_30.jpg,patches,2
data/raw/NEU-DET/train/images/patches/patches_31.jpg,patches,2
data/raw/NEU-DET/train/images/patches/patches_32.jpg,patches,2
data/raw/NEU-DET/train/images/patches/patches_33.jpg,patches,2
data/raw/NEU-DET/train/images/patches/patches_34.jpg,patches,2
data/raw/NEU-DET/train/images/patches/patches_35.jpg,patches,2
data/raw/NEU-DET/train/images/patches/patches_36.jpg,patches,2
data/raw/NEU-DET/train/images/patches/patches_38.jpg,patches,2
data/raw/NEU-DET/train/images/patches/patches_39.jpg,patches,2
data/raw/NEU-DET/train/images/patches/patches_4.jpg,patches,2
data/raw/NEU-DET/train/images/patches/patches_40.jpg,patches,2
data/raw/NEU-DET/train/images/patches/patches_41.jpg,patches,2
data/raw/NEU-DET/train/images/patches/patches_42.jpg,patches,2
data/raw/NEU-DET/train/images/patches/patches_46.jpg,patches,2
data/raw/NEU-DET/train/images/patches/patches_47.jpg,patches,2
data/raw/NEU-DET/train/images/patches/patches_48.jpg,patches,2
data/raw/NEU-DET/train/images/patches/patches_49.jpg,patches,2
data/raw/NEU-DET/train/images/patches/patches_5.jpg,patches,2
data/raw/NEU-DET/train/images/patches/patches_51.jpg,patches,2
data/raw/NEU-DET/train/images/patches/patches_52.jpg,patches,2
data/raw/NEU-DET/train/images/patches/patches_54.jpg,patches,2
data/raw/NEU-DET/train/images/patches/patches_55.jpg,patches,2
data/raw/NEU-DET/train/images/patches/patches_56.jpg,patches,2
data/raw/NEU-DET/train/images/patches/patches_57.jpg,patches,2
data/raw/NEU-DET/train/images/patches/patches_58.jpg,patches,2
data/raw/NEU-DET/train/images/patches/patches_59.jpg,patches,2
data/raw/NEU-DET/train/images/patches/patches_6.jpg,patches,2
data/raw/NEU-DET/train/images/patches/patches_60.jpg,patches,2
data/raw/NEU-DET/train/images/patches/patches_61.jpg,patches,2
data/raw/NEU-DET/train/images/patches/patches_62.jpg,patches,2
data/raw/NEU-DET/train/images/patches/patches_63.jpg,patches,2
data/raw/NEU-DET/train/images/patches/patches_64.jpg,patches,2
data/raw/NEU-DET/train/images/patches/patches_65.jpg,patches,2
data/raw/NEU-DET/train/images/patches/patches_66.jpg,patches,2
data/raw/NEU-DET/train/images/patches/patches_67.jpg,patches,2
data/raw/NEU-DET/train/images/patches/patches_68.jpg,patches,2
data/raw/NEU-DET/train/images/patches/patches_69.jpg,patches,2
data/raw/NEU-DET/train/images/patches/patches_7.jpg,patches,2
data/raw/NEU-DET/train/images/patches/patches_70.jpg,patches,2
data/raw/NEU-DET/train/images/patches/patches_71.jpg,patches,2
data/raw/NEU-DET/train/images/patches/patches_72.jpg,patches,2
data/raw/NEU-DET/train/images/patches/patches_73.jpg,patches,2
data/raw/NEU-DET/train/images/patches/patches_75.jpg,patches,2
data/raw/NEU-DET/train/images/patches/patches_76.jpg,patches,2
data/raw/NEU-DET/train/images/patches/patches_77.jpg,patches,2
data/raw/NEU-DET/train/images/patches/patches_78.jpg,patches,2
data/raw/NEU-DET/train/images/patches/patches_79.jpg,patches,2
data/raw/NEU-DET/train/images/patches/patches_8.jpg,patches,2
data/raw/NEU-DET/train/images/patches/patches_82.jpg,patches,2
data/raw/NEU-DET/train/images/patches/patches_83.jpg,patches,2
data/raw/NEU-DET/train/images/patches/patches_85.jpg,patches,2
data/raw/NEU-DET/train/images/patches/patches_86.jpg,patches,2
data/raw/NEU-DET/train/images/patches/patches_87.jpg,patches,2
data/raw/NEU-DET/train/images/patches/patches_88.jpg,patches,2
data/raw/NEU-DET/train/images/patches/patches_89.jpg,patches,2
data/raw/NEU-DET/train/images/patches/patches_9.jpg,patches,2
data/raw/NEU-DET/train/images/patches/patches_90.jpg,patches,2
data/raw/NEU-DET/train/images/patches/patches_91.jpg,patches,2
data/raw/NEU-DET/train/images/patches/patches_92.jpg,patches,2
data/raw/NEU-DET/train/images/patches/patches_93.jpg,patches,2
data/raw/NEU-DET/train/images/patches/patches_94.jpg,patches,2
data/raw/NEU-DET/train/images/patches/patches_95.jpg,patches,2
data/raw/NEU-DET/train/images/patches/patches_96.jpg,patches,2
data/raw/NEU-DET/train/images/patches/patches_97.jpg,patches,2
data/raw/NEU-DET/train/images/patches/patches_98.jpg,patches,2
data/raw/NEU-DET/train/images/pitted_surface/pitted_surface_1.jpg,pitted_surface,3
data/raw/NEU-DET/train/images/pitted_surface/pitted_surface_10.jpg,pitted_surface,3
data/raw/NEU-DET/train/images/pitted_surface/pitted_surface_101.jpg,pitted_surface,3
data/raw/NEU-DET/train/images/pitted_surface/pitted_surface_104.jpg,pitted_surface,3
data/raw/NEU-DET/train/images/pitted_surface/pitted_surface_105.jpg,pitted_surface,3
data/raw/NEU-DET/train/images/pitted_surface/pitted_surface_106.jpg,pitted_surface,3
data/raw/NEU-DET/train/images/pitted_surface/pitted_surface_107.jpg,pitted_surface,3
data/raw/NEU-DET/train/images/pitted_surface/pitted_surface_109.jpg,pitted_surface,3
data/raw/NEU-DET/train/images/pitted_surface/pitted_surface_11.jpg,pitted_surface,3
data/raw/NEU-DET/train/images/pitted_surface/pitted_surface_110.jpg,pitted_surface,3
data/raw/NEU-DET/train/images/pitted_surface/pitted_surface_111.jpg,pitted_surface,3
data/raw/NEU-DET/train/images/pitted_surface/pitted_surface_112.jpg,pitted_surface,3
data/raw/NEU-DET/train/images/pitted_surface/pitted_surface_113.jpg,pitted_surface,3
data/raw/NEU-DET/train/images/pitted_surface/pitted_surface_114.jpg,pitted_surface,3
data/raw/NEU-DET/train/images/pitted_surface/pitted_surface_115.jpg,pitted_surface,3
data/raw/NEU-DET/train/images/pitted_surface/pitted_surface_116.jpg,pitted_surface,3
data/raw/NEU-DET/train/images/pitted_surface/pitted_surface_117.jpg,pitted_surface,3
data/raw/NEU-DET/train/images/pitted_surface/pitted_surface_118.jpg,pitted_surface,3
data/raw/NEU-DET/train/images/pitted_surface/pitted_surface_12.jpg,pitted_surface,3
data/raw/NEU-DET/train/images/pitted_surface/pitted_surface_120.jpg,pitted_surface,3
data/raw/NEU-DET/train/images/pitted_surface/pitted_surface_123.jpg,pitted_surface,3
data/raw/NEU-DET/train/images/pitted_surface/pitted_surface_124.jpg,pitted_surface,3
data/raw/NEU-DET/train/images/pitted_surface/pitted_surface_125.jpg,pitted_surface,3
data/raw/NEU-DET/train/images/pitted_surface/pitted_surface_126.jpg,pitted_surface,3
data/raw/NEU-DET/train/images/pitted_surface/pitted_surface_127.jpg,pitted_surface,3
data/raw/NEU-DET/train/images/pitted_surface/pitted_surface_129.jpg,pitted_surface,3
data/raw/NEU-DET/train/images/pitted_surface/pitted_surface_13.jpg,pitted_surface,3
data/raw/NEU-DET/train/images/pitted_surface/pitted_surface_130.jpg,pitted_surface,3
data/raw/NEU-DET/train/images/pitted_surface/pitted_surface_131.jpg,pitted_surface,3
data/raw/NEU-DET/train/images/pitted_surface/pitted_surface_132.jpg,pitted_surface,3
data/raw/NEU-DET/train/images/pitted_surface/pitted_surface_133.jpg,pitted_surface,3
data/raw/NEU-DET/train/images/pitted_surface/pitted_surface_134.jpg,pitted_surface,3
data/raw/NEU-DET/train/images/pitted_surface/pitted_surface_135.jpg,pitted_surface,3
data/raw/NEU-DET/train/images/pitted_surface/pitted_surface_136.jpg,pitted_surface,3
data/raw/NEU-DET/train/images/pitted_surface/pitted_surface_137.jpg,pitted_surface,3
data/raw/NEU-DET/train/images/pitted_surface/pitted_surface_138.jpg,pitted_surface,3
data/raw/NEU-DET/train/images/pitted_surface/pitted_surface_139.jpg,pitted_surface,3
data/raw/NEU-DET/train/images/pitted_surface/pitted_surface_14.jpg,pitted_surface,3
data/raw/NEU-DET/train/images/pitted_surface/pitted_surface_140.jpg,pitted_surface,3
data/raw/NEU-DET/train/images/pitted_surface/pitted_surface_141.jpg,pitted_surface,3
data/raw/NEU-DET/train/images/pitted_surface/pitted_surface_142.jpg,pitted_surface,3
data/raw/NEU-DET/train/images/pitted_surface/pitted_surface_143.jpg,pitted_surface,3
data/raw/NEU-DET/train/images/pitted_surface/pitted_surface_144.jpg,pitted_surface,3
data/raw/NEU-DET/train/images/pitted_surface/pitted_surface_145.jpg,pitted_surface,3
data/raw/NEU-DET/train/images/pitted_surface/pitted_surface_147.jpg,pitted_surface,3
data/raw/NEU-DET/train/images/pitted_surface/pitted_surface_149.jpg,pitted_surface,3
data/raw/NEU-DET/train/images/pitted_surface/pitted_surface_15.jpg,pitted_surface,3
data/raw/NEU-DET/train/images/pitted_surface/pitted_surface_150.jpg,pitted_surface,3
data/raw/NEU-DET/train/images/pitted_surface/pitted_surface_152.jpg,pitted_surface,3
data/raw/NEU-DET/train/images/pitted_surface/pitted_surface_153.jpg,pitted_surface,3
data/raw/NEU-DET/train/images/pitted_surface/pitted_surface_154.jpg,pitted_surface,3
data/raw/NEU-DET/train/images/pitted_surface/pitted_surface_156.jpg,pitted_surface,3
data/raw/NEU-DET/train/images/pitted_surface/pitted_surface_158.jpg,pitted_surface,3
data/raw/NEU-DET/train/images/pitted_surface/pitted_surface_159.jpg,pitted_surface,3
data/raw/NEU-DET/train/images/pitted_surface/pitted_surface_16.jpg,pitted_surface,3
data/raw/NEU-DET/train/images/pitted_surface/pitted_surface_160.jpg,pitted_surface,3
data/raw/NEU-DET/train/images/pitted_surface/pitted_surface_161.jpg,pitted_surface,3
data/raw/NEU-DET/train/images/pitted_surface/pitted_surface_162.jpg,pitted_surface,3
data/raw/NEU-DET/train/images/pitted_surface/pitted_surface_163.jpg,pitted_surface,3
data/raw/NEU-DET/train/images/pitted_surface/pitted_surface_164.jpg,pitted_surface,3
data/raw/NEU-DET/train/images/pitted_surface/pitted_surface_165.jpg,pitted_surface,3
data/raw/NEU-DET/train/images/pitted_surface/pitted_surface_166.jpg,pitted_surface,3
data/raw/NEU-DET/train/images/pitted_surface/pitted_surface_167.jpg,pitted_surface,3
data/raw/NEU-DET/train/images/pitted_surface/pitted_surface_168.jpg,pitted_surface,3
data/raw/NEU-DET/train/images/pitted_surface/pitted_surface_169.jpg,pitted_surface,3
data/raw/NEU-DET/train/images/pitted_surface/pitted_surface_17.jpg,pitted_surface,3
data/raw/NEU-DET/train/images/pitted_surface/pitted_surface_170.jpg,pitted_surface,3
data/raw/NEU-DET/train/images/pitted_surface/pitted_surface_171.jpg,pitted_surface,3
data/raw/NEU-DET/train/images/pitted_surface/pitted_surface_172.jpg,pitted_surface,3
data/raw/NEU-DET/train/images/pitted_surface/pitted_surface_173.jpg,pitted_surface,3
data/raw/NEU-DET/train/images/pitted_surface/pitted_surface_174.jpg,pitted_surface,3
data/raw/NEU-DET/train/images/pitted_surface/pitted_surface_177.jpg,pitted_surface,3
data/raw/NEU-DET/train/images/pitted_surface/pitted_surface_178.jpg,pitted_surface,3
data/raw/NEU-DET/train/images/pitted_surface/pitted_surface_179.jpg,pitted_surface,3
data/raw/NEU-DET/train/images/pitted_surface/pitted_surface_18.jpg,pitted_surface,3
data/raw/NEU-DET/train/images/pitted_surface/pitted_surface_180.jpg,pitted_surface,3
data/raw/NEU-DET/train/images/pitted_surface/pitted_surface_181.jpg,pitted_surface,3
data/raw/NEU-DET/train/images/pitted_surface/pitted_surface_182.jpg,pitted_surface,3
data/raw/NEU-DET/train/images/pitted_surface/pitted_surface_183.jpg,pitted_surface,3
data/raw/NEU-DET/train/images/pitted_surface/pitted_surface_185.jpg,pitted_surface,3
data/raw/NEU-DET/train/images/pitted_surface/pitted_surface_186.jpg,pitted_surface,3
data/raw/NEU-DET/train/images/pitted_surface/pitted_surface_189.jpg,pitted_surface,3
data/raw/NEU-DET/train/images/pitted_surface/pitted_surface_19.jpg,pitted_surface,3
data/raw/NEU-DET/train/images/pitted_surface/pitted_surface_191.jpg,pitted_surface,3
data/raw/NEU-DET/train/images/pitted_surface/pitted_surface_192.jpg,pitted_surface,3
data/raw/NEU-DET/train/images/pitted_surface/pitted_surface_194.jpg,pitted_surface,3
data/raw/NEU-DET/train/images/pitted_surface/pitted_surface_195.jpg,pitted_surface,3
data/raw/NEU-DET/train/images/pitted_surface/pitted_surface_196.jpg,pitted_surface,3
data/raw/NEU-DET/train/images/pitted_surface/pitted_surface_198.jpg,pitted_surface,3
data/raw/NEU-DET/train/images/pitted_surface/pitted_surface_199.jpg,pitted_surface,3
data/raw/NEU-DET/train/images/pitted_surface/pitted_surface_2.jpg,pitted_surface,3
data/raw/NEU-DET/train/images/pitted_surface/pitted_surface_20.jpg,pitted_surface,3
data/raw/NEU-DET/train/images/pitted_surface/pitted_surface_200.jpg,pitted_surface,3
data/raw/NEU-DET/train/images/pitted_surface/pitted_surface_201.jpg,pitted_surface,3
data/raw/NEU-DET/train/images/pitted_surface/pitted_surface_202.jpg,pitted_surface,3
data/raw/NEU-DET/train/images/pitted_surface/pitted_surface_203.jpg,pitted_surface,3
data/raw/NEU-DET/train/images/pitted_surface/pitted_surface_206.jpg,pitted_surface,3
data/raw/NEU-DET/train/images/pitted_surface/pitted_surface_207.jpg,pitted_surface,3
data/raw/NEU-DET/train/images/pitted_surface/pitted_surface_208.jpg,pitted_surface,3
data/raw/NEU-DET/train/images/pitted_surface/pitted_surface_209.jpg,pitted_surface,3
data/raw/NEU-DET/train/images/pitted_surface/pitted_surface_21.jpg,pitted_surface,3
data/raw/NEU-DET/train/images/pitted_surface/pitted_surface_210.jpg,pitted_surface,3
data/raw/NEU-DET/train/images/pitted_surface/pitted_surface_211.jpg,pitted_surface,3
data/raw/NEU-DET/train/images/pitted_surface/pitted_surface_212.jpg,pitted_surface,3
data/raw/NEU-DET/train/images/pitted_surface/pitted_surface_213.jpg,pitted_surface,3
data/raw/NEU-DET/train/images/pitted_surface/pitted_surface_215.jpg,pitted_surface,3
data/raw/NEU-DET/train/images/pitted_surface/pitted_surface_216.jpg,pitted_surface,3
data/raw/NEU-DET/train/images/pitted_surface/pitted_surface_217.jpg,pitted_surface,3
data/raw/NEU-DET/train/images/pitted_surface/pitted_surface_219.jpg,pitted_surface,3
data/raw/NEU-DET/train/images/pitted_surface/pitted_surface_22.jpg,pitted_surface,3
data/raw/NEU-DET/train/images/pitted_surface/pitted_surface_220.jpg,pitted_surface,3
data/raw/NEU-DET/train/images/pitted_surface/pitted_surface_221.jpg,pitted_surface,3
data/raw/NEU-DET/train/images/pitted_surface/pitted_surface_222.jpg,pitted_surface,3
data/raw/NEU-DET/train/images/pitted_surface/pitted_surface_223.jpg,pitted_surface,3
data/raw/NEU-DET/train/images/pitted_surface/pitted_surface_224.jpg,pitted_surface,3
data/raw/NEU-DET/train/images/pitted_surface/pitted_surface_225.jpg,pitted_surface,3
data/raw/NEU-DET/train/images/pitted_surface/pitted_surface_226.jpg,pitted_surface,3
data/raw/NEU-DET/train/images/pitted_surface/pitted_surface_227.jpg,pitted_surface,3
data/raw/NEU-DET/train/images/pitted_surface/pitted_surface_228.jpg,pitted_surface,3
data/raw/NEU-DET/train/images/pitted_surface/pitted_surface_229.jpg,pitted_surface,3
data/raw/NEU-DET/train/images/pitted_surface/pitted_surface_230.jpg,pitted_surface,3
data/raw/NEU-DET/train/images/pitted_surface/pitted_surface_231.jpg,pitted_surface,3
data/raw/NEU-DET/train/images/pitted_surface/pitted_surface_233.jpg,pitted_surface,3
data/raw/NEU-DET/train/images/pitted_surface/pitted_surface_234.jpg,pitted_surface,3
data/raw/NEU-DET/train/images/pitted_surface/pitted_surface_235.jpg,pitted_surface,3
data/raw/NEU-DET/train/images/pitted_surface/pitted_surface_236.jpg,pitted_surface,3
data/raw/NEU-DET/train/images/pitted_surface/pitted_surface_237.jpg,pitted_surface,3
data/raw/NEU-DET/train/images/pitted_surface/pitted_surface_238.jpg,pitted_surface,3
data/raw/NEU-DET/train/images/pitted_surface/pitted_surface_239.jpg,pitted_surface,3
data/raw/NEU-DET/train/images/pitted_surface/pitted_surface_24.jpg,pitted_surface,3
data/raw/NEU-DET/train/images/pitted_surface/pitted_surface_240.jpg,pitted_surface,3
data/raw/NEU-DET/train/images/pitted_surface/pitted_surface_25.jpg,pitted_surface,3
data/raw/NEU-DET/train/images/pitted_surface/pitted_surface_26.jpg,pitted_surface,3
data/raw/NEU-DET/train/images/pitted_surface/pitted_surface_28.jpg,pitted_surface,3
data/raw/NEU-DET/train/images/pitted_surface/pitted_surface_29.jpg,pitted_surface,3
data/raw/NEU-DET/train/images/pitted_surface/pitted_surface_3.jpg,pitted_surface,3
data/raw/NEU-DET/train/images/pitted_surface/pitted_surface_30.jpg,pitted_surface,3
data/raw/NEU-DET/train/images/pitted_surface/pitted_surface_31.jpg,pitted_surface,3
data/raw/NEU-DET/train/images/pitted_surface/pitted_surface_32.jpg,pitted_surface,3
data/raw/NEU-DET/train/images/pitted_surface/pitted_surface_33.jpg,pitted_surface,3
data/raw/NEU-DET/train/images/pitted_surface/pitted_surface_34.jpg,pitted_surface,3
data/raw/NEU-DET/train/images/pitted_surface/pitted_surface_35.jpg,pitted_surface,3
data/raw/NEU-DET/train/images/pitted_surface/pitted_surface_36.jpg,pitted_surface,3
data/raw/NEU-DET/train/images/pitted_surface/pitted_surface_37.jpg,pitted_surface,3
data/raw/NEU-DET/train/images/pitted_surface/pitted_surface_38.jpg,pitted_surface,3
data/raw/NEU-DET/train/images/pitted_surface/pitted_surface_39.jpg,pitted_surface,3
data/raw/NEU-DET/train/images/pitted_surface/pitted_surface_4.jpg,pitted_surface,3
data/raw/NEU-DET/train/images/pitted_surface/pitted_surface_40.jpg,pitted_surface,3
data/raw/NEU-DET/train/images/pitted_surface/pitted_surface_42.jpg,pitted_surface,3
data/raw/NEU-DET/train/images/pitted_surface/pitted_surface_43.jpg,pitted_surface,3
data/raw/NEU-DET/train/images/pitted_surface/pitted_surface_44.jpg,pitted_surface,3
data/raw/NEU-DET/train/images/pitted_surface/pitted_surface_46.jpg,pitted_surface,3
data/raw/NEU-DET/train/images/pitted_surface/pitted_surface_47.jpg,pitted_surface,3
data/raw/NEU-DET/train/images/pitted_surface/pitted_surface_48.jpg,pitted_surface,3
data/raw/NEU-DET/train/images/pitted_surface/pitted_surface_49.jpg,pitted_surface,3
data/raw/NEU-DET/train/images/pitted_surface/pitted_surface_5.jpg,pitted_surface,3
data/raw/NEU-DET/train/images/pitted_surface/pitted_surface_50.jpg,pitted_surface,3
data/raw/NEU-DET/train/images/pitted_surface/pitted_surface_51.jpg,pitted_surface,3
data/raw/NEU-DET/train/images/pitted_surface/pitted_surface_52.jpg,pitted_surface,3
data/raw/NEU-DET/train/images/pitted_surface/pitted_surface_53.jpg,pitted_surface,3
data/raw/NEU-DET/train/images/pitted_surface/pitted_surface_54.jpg,pitted_surface,3
data/raw/NEU-DET/train/images/pitted_surface/pitted_surface_55.jpg,pitted_surface,3
data/raw/NEU-DET/train/images/pitted_surface/pitted_surface_56.jpg,pitted_surface,3
data/raw/NEU-DET/train/images/pitted_surface/pitted_surface_57.jpg,pitted_surface,3
data/raw/NEU-DET/train/images/pitted_surface/pitted_surface_58.jpg,pitted_surface,3
data/raw/NEU-DET/train/images/pitted_surface/pitted_surface_59.jpg,pitted_surface,3
data/raw/NEU-DET/train/images/pitted_surface/pitted_surface_60.jpg,pitted_surface,3
data/raw/NEU-DET/train/images/pitted_surface/pitted_surface_61.jpg,pitted_surface,3
data/raw/NEU-DET/train/images/pitted_surface/pitted_surface_62.jpg,pitted_surface,3
data/raw/NEU-DET/train/images/pitted_surface/pitted_surface_63.jpg,pitted_surface,3
data/raw/NEU-DET/train/images/pitted_surface/pitted_surface_64.jpg,pitted_surface,3
data/raw/NEU-DET/train/images/pitted_surface/pitted_surface_65.jpg,pitted_surface,3
data/raw/NEU-DET/train/images/pitted_surface/pitted_surface_66.jpg,pitted_surface,3
data/raw/NEU-DET/train/images/pitted_surface/pitted_surface_68.jpg,pitted_surface,3
data/raw/NEU-DET/train/images/pitted_surface/pitted_surface_69.jpg,pitted_surface,3
data/raw/NEU-DET/train/images/pitted_surface/pitted_surface_7.jpg,pitted_surface,3
data/raw/NEU-DET/train/images/pitted_surface/pitted_surface_71.jpg,pitted_surface,3
data/raw/NEU-DET/train/images/pitted_surface/pitted_surface_72.jpg,pitted_surface,3
data/raw/NEU-DET/train/images/pitted_surface/pitted_surface_73.jpg,pitted_surface,3
data/raw/NEU-DET/train/images/pitted_surface/pitted_surface_74.jpg,pitted_surface,3
data/raw/NEU-DET/train/images/pitted_surface/pitted_surface_75.jpg,pitted_surface,3
data/raw/NEU-DET/train/images/pitted_surface/pitted_surface_76.jpg,pitted_surface,3
data/raw/NEU-DET/train/images/pitted_surface/pitted_surface_77.jpg,pitted_surface,3
data/raw/NEU-DET/train/images/pitted_surface/pitted_surface_79.jpg,pitted_surface,3
data/raw/NEU-DET/train/images/pitted_surface/pitted_surface_8.jpg,pitted_surface,3
data/raw/NEU-DET/train/images/pitted_surface/pitted_surface_80.jpg,pitted_surface,3
data/raw/NEU-DET/train/images/pitted_surface/pitted_surface_81.jpg,pitted_surface,3
data/raw/NEU-DET/train/images/pitted_surface/pitted_surface_82.jpg,pitted_surface,3
data/raw/NEU-DET/train/images/pitted_surface/pitted_surface_83.jpg,pitted_surface,3
data/raw/NEU-DET/train/images/pitted_surface/pitted_surface_85.jpg,pitted_surface,3
data/raw/NEU-DET/train/images/pitted_surface/pitted_surface_86.jpg,pitted_surface,3
data/raw/NEU-DET/train/images/pitted_surface/pitted_surface_87.jpg,pitted_surface,3
data/raw/NEU-DET/train/images/pitted_surface/pitted_surface_88.jpg,pitted_surface,3
data/raw/NEU-DET/train/images/pitted_surface/pitted_surface_89.jpg,pitted_surface,3
data/raw/NEU-DET/train/images/pitted_surface/pitted_surface_9.jpg,pitted_surface,3
data/raw/NEU-DET/train/images/pitted_surface/pitted_surface_90.jpg,pitted_surface,3
data/raw/NEU-DET/train/images/pitted_surface/pitted_surface_92.jpg,pitted_surface,3
data/raw/NEU-DET/train/images/pitted_surface/pitted_surface_93.jpg,pitted_surface,3
data/raw/NEU-DET/train/images/pitted_surface/pitted_surface_94.jpg,pitted_surface,3
data/raw/NEU-DET/train/images/pitted_surface/pitted_surface_95.jpg,pitted_surface,3
data/raw/NEU-DET/train/images/pitted_surface/pitted_surface_96.jpg,pitted_surface,3
data/raw/NEU-DET/train/images/pitted_surface/pitted_surface_97.jpg,pitted_surface,3
data/raw/NEU-DET/train/images/pitted_surface/pitted_surface_98.jpg,pitted_surface,3
data/raw/NEU-DET/train/images/pitted_surface/pitted_surface_99.jpg,pitted_surface,3
data/raw/NEU-DET/train/images/rolled-in_scale/rolled-in_scale_10.jpg,rolled-in_scale,4
data/raw/NEU-DET/train/images/rolled-in_scale/rolled-in_scale_101.jpg,rolled-in_scale,4
data/raw/NEU-DET/train/images/rolled-in_scale/rolled-in_scale_103.jpg,rolled-in_scale,4
data/raw/NEU-DET/train/images/rolled-in_scale/rolled-in_scale_104.jpg,rolled-in_scale,4
data/raw/NEU-DET/train/images/rolled-in_scale/rolled-in_scale_105.jpg,rolled-in_scale,4
data/raw/NEU-DET/train/images/rolled-in_scale/rolled-in_scale_106.jpg,rolled-in_scale,4
data/raw/NEU-DET/train/images/rolled-in_scale/rolled-in_scale_108.jpg,rolled-in_scale,4
data/raw/NEU-DET/train/images/rolled-in_scale/rolled-in_scale_109.jpg,rolled-in_scale,4
data/raw/NEU-DET/train/images/rolled-in_scale/rolled-in_scale_11.jpg,rolled-in_scale,4
data/raw/NEU-DET/train/images/rolled-in_scale/rolled-in_scale_110.jpg,rolled-in_scale,4
data/raw/NEU-DET/train/images/rolled-in_scale/rolled-in_scale_111.jpg,rolled-in_scale,4
data/raw/NEU-DET/train/images/rolled-in_scale/rolled-in_scale_112.jpg,rolled-in_scale,4
data/raw/NEU-DET/train/images/rolled-in_scale/rolled-in_scale_113.jpg,rolled-in_scale,4
data/raw/NEU-DET/train/images/rolled-in_scale/rolled-in_scale_114.jpg,rolled-in_scale,4
data/raw/NEU-DET/train/images/rolled-in_scale/rolled-in_scale_117.jpg,rolled-in_scale,4
data/raw/NEU-DET/train/images/rolled-in_scale/rolled-in_scale_118.jpg,rolled-in_scale,4
data/raw/NEU-DET/train/images/rolled-in_scale/rolled-in_scale_119.jpg,rolled-in_scale,4
data/raw/NEU-DET/train/images/rolled-in_scale/rolled-in_scale_12.jpg,rolled-in_scale,4
data/raw/NEU-DET/train/images/rolled-in_scale/rolled-in_scale_120.jpg,rolled-in_scale,4
data/raw/NEU-DET/train/images/rolled-in_scale/rolled-in_scale_122.jpg,rolled-in_scale,4
data/raw/NEU-DET/train/images/rolled-in_scale/rolled-in_scale_123.jpg,rolled-in_scale,4
data/raw/NEU-DET/train/images/rolled-in_scale/rolled-in_scale_124.jpg,rolled-in_scale,4
data/raw/NEU-DET/train/images/rolled-in_scale/rolled-in_scale_125.jpg,rolled-in_scale,4
data/raw/NEU-DET/train/images/rolled-in_scale/rolled-in_scale_126.jpg,rolled-in_scale,4
data/raw/NEU-DET/train/images/rolled-in_scale/rolled-in_scale_127.jpg,rolled-in_scale,4
data/raw/NEU-DET/train/images/rolled-in_scale/rolled-in_scale_128.jpg,rolled-in_scale,4
data/raw/NEU-DET/train/images/rolled-in_scale/rolled-in_scale_129.jpg,rolled-in_scale,4
data/raw/NEU-DET/train/images/rolled-in_scale/rolled-in_scale_13.jpg,rolled-in_scale,4
data/raw/NEU-DET/train/images/rolled-in_scale/rolled-in_scale_130.jpg,rolled-in_scale,4
data/raw/NEU-DET/train/images/rolled-in_scale/rolled-in_scale_133.jpg,rolled-in_scale,4
data/raw/NEU-DET/train/images/rolled-in_scale/rolled-in_scale_134.jpg,rolled-in_scale,4
data/raw/NEU-DET/train/images/rolled-in_scale/rolled-in_scale_135.jpg,rolled-in_scale,4
data/raw/NEU-DET/train/images/rolled-in_scale/rolled-in_scale_136.jpg,rolled-in_scale,4
data/raw/NEU-DET/train/images/rolled-in_scale/rolled-in_scale_137.jpg,rolled-in_scale,4
data/raw/NEU-DET/train/images/rolled-in_scale/rolled-in_scale_139.jpg,rolled-in_scale,4
data/raw/NEU-DET/train/images/rolled-in_scale/rolled-in_scale_14.jpg,rolled-in_scale,4
data/raw/NEU-DET/train/images/rolled-in_scale/rolled-in_scale_141.jpg,rolled-in_scale,4
data/raw/NEU-DET/train/images/rolled-in_scale/rolled-in_scale_142.jpg,rolled-in_scale,4
data/raw/NEU-DET/train/images/rolled-in_scale/rolled-in_scale_143.jpg,rolled-in_scale,4
data/raw/NEU-DET/train/images/rolled-in_scale/rolled-in_scale_144.jpg,rolled-in_scale,4
data/raw/NEU-DET/train/images/rolled-in_scale/rolled-in_scale_145.jpg,rolled-in_scale,4
data/raw/NEU-DET/train/images/rolled-in_scale/rolled-in_scale_146.jpg,rolled-in_scale,4
data/raw/NEU-DET/train/images/rolled-in_scale/rolled-in_scale_147.jpg,rolled-in_scale,4
data/raw/NEU-DET/train/images/rolled-in_scale/rolled-in_scale_148.jpg,rolled-in_scale,4
data/raw/NEU-DET/train/images/rolled-in_scale/rolled-in_scale_149.jpg,rolled-in_scale,4
data/raw/NEU-DET/train/images/rolled-in_scale/rolled-in_scale_15.jpg,rolled-in_scale,4
data/raw/NEU-DET/train/images/rolled-in_scale/rolled-in_scale_150.jpg,rolled-in_scale,4
data/raw/NEU-DET/train/images/rolled-in_scale/rolled-in_scale_151.jpg,rolled-in_scale,4
data/raw/NEU-DET/train/images/rolled-in_scale/rolled-in_scale_152.jpg,rolled-in_scale,4
data/raw/NEU-DET/train/images/rolled-in_scale/rolled-in_scale_153.jpg,rolled-in_scale,4
data/raw/NEU-DET/train/images/rolled-in_scale/rolled-in_scale_154.jpg,rolled-in_scale,4
data/raw/NEU-DET/train/images/rolled-in_scale/rolled-in_scale_155.jpg,rolled-in_scale,4
data/raw/NEU-DET/train/images/rolled-in_scale/rolled-in_scale_157.jpg,rolled-in_scale,4
data/raw/NEU-DET/train/images/rolled-in_scale/rolled-in_scale_158.jpg,rolled-in_scale,4
data/raw/NEU-DET/train/images/rolled-in_scale/rolled-in_scale_159.jpg,rolled-in_scale,4
data/raw/NEU-DET/train/images/rolled-in_scale/rolled-in_scale_160.jpg,rolled-in_scale,4
data/raw/NEU-DET/train/images/rolled-in_scale/rolled-in_scale_162.jpg,rolled-in_scale,4
data/raw/NEU-DET/train/images/rolled-in_scale/rolled-in_scale_163.jpg,rolled-in_scale,4
data/raw/NEU-DET/train/images/rolled-in_scale/rolled-in_scale_164.jpg,rolled-in_scale,4
data/raw/NEU-DET/train/images/rolled-in_scale/rolled-in_scale_165.jpg,rolled-in_scale,4
data/raw/NEU-DET/train/images/rolled-in_scale/rolled-in_scale_166.jpg,rolled-in_scale,4
data/raw/NEU-DET/train/images/rolled-in_scale/rolled-in_scale_167.jpg,rolled-in_scale,4
data/raw/NEU-DET/train/images/rolled-in_scale/rolled-in_scale_169.jpg,rolled-in_scale,4
data/raw/NEU-DET/train/images/rolled-in_scale/rolled-in_scale_17.jpg,rolled-in_scale,4
data/raw/NEU-DET/train/images/rolled-in_scale/rolled-in_scale_170.jpg,rolled-in_scale,4
data/raw/NEU-DET/train/images/rolled-in_scale/rolled-in_scale_171.jpg,rolled-in_scale,4
data/raw/NEU-DET/train/images/rolled-in_scale/rolled-in_scale_172.jpg,rolled-in_scale,4
data/raw/NEU-DET/train/images/rolled-in_scale/rolled-in_scale_173.jpg,rolled-in_scale,4
data/raw/NEU-DET/train/images/rolled-in_scale/rolled-in_scale_174.jpg,rolled-in_scale,4
data/raw/NEU-DET/train/images/rolled-in_scale/rolled-in_scale_175.jpg,rolled-in_scale,4
data/raw/NEU-DET/train/images/rolled-in_scale/rolled-in_scale_176.jpg,rolled-in_scale,4
data/raw/NEU-DET/train/images/rolled-in_scale/rolled-in_scale_177.jpg,rolled-in_scale,4
data/raw/NEU-DET/train/images/rolled-in_scale/rolled-in_scale_178.jpg,rolled-in_scale,4
data/raw/NEU-DET/train/images/rolled-in_scale/rolled-in_scale_179.jpg,rolled-in_scale,4
data/raw/NEU-DET/train/images/rolled-in_scale/rolled-in_scale_180.jpg,rolled-in_scale,4
data/raw/NEU-DET/train/images/rolled-in_scale/rolled-in_scale_181.jpg,rolled-in_scale,4
data/raw/NEU-DET/train/images/rolled-in_scale/rolled-in_scale_182.jpg,rolled-in_scale,4
data/raw/NEU-DET/train/images/rolled-in_scale/rolled-in_scale_183.jpg,rolled-in_scale,4
data/raw/NEU-DET/train/images/rolled-in_scale/rolled-in_scale_184.jpg,rolled-in_scale,4
data/raw/NEU-DET/train/images/rolled-in_scale/rolled-in_scale_185.jpg,rolled-in_scale,4
data/raw/NEU-DET/train/images/rolled-in_scale/rolled-in_scale_186.jpg,rolled-in_scale,4
data/raw/NEU-DET/train/images/rolled-in_scale/rolled-in_scale_187.jpg,rolled-in_scale,4
data/raw/NEU-DET/train/images/rolled-in_scale/rolled-in_scale_188.jpg,rolled-in_scale,4
data/raw/NEU-DET/train/images/rolled-in_scale/rolled-in_scale_19.jpg,rolled-in_scale,4
data/raw/NEU-DET/train/images/rolled-in_scale/rolled-in_scale_190.jpg,rolled-in_scale,4
data/raw/NEU-DET/train/images/rolled-in_scale/rolled-in_scale_191.jpg,rolled-in_scale,4
data/raw/NEU-DET/train/images/rolled-in_scale/rolled-in_scale_192.jpg,rolled-in_scale,4
data/raw/NEU-DET/train/images/rolled-in_scale/rolled-in_scale_193.jpg,rolled-in_scale,4
data/raw/NEU-DET/train/images/rolled-in_scale/rolled-in_scale_194.jpg,rolled-in_scale,4
data/raw/NEU-DET/train/images/rolled-in_scale/rolled-in_scale_195.jpg,rolled-in_scale,4
data/raw/NEU-DET/train/images/rolled-in_scale/rolled-in_scale_196.jpg,rolled-in_scale,4
data/raw/NEU-DET/train/images/rolled-in_scale/rolled-in_scale_197.jpg,rolled-in_scale,4
data/raw/NEU-DET/train/images/rolled-in_scale/rolled-in_scale_198.jpg,rolled-in_scale,4
data/raw/NEU-DET/train/images/rolled-in_scale/rolled-in_scale_199.jpg,rolled-in_scale,4
data/raw/NEU-DET/train/images/rolled-in_scale/rolled-in_scale_2.jpg,rolled-in_scale,4
data/raw/NEU-DET/train/images/rolled-in_scale/rolled-in_scale_200.jpg,rolled-in_scale,4
data/raw/NEU-DET/train/images/rolled-in_scale/rolled-in_scale_201.jpg,rolled-in_scale,4
data/raw/NEU-DET/train/images/rolled-in_scale/rolled-in_scale_202.jpg,rolled-in_scale,4
data/raw/NEU-DET/train/images/rolled-in_scale/rolled-in_scale_203.jpg,rolled-in_scale,4
data/raw/NEU-DET/train/images/rolled-in_scale/rolled-in_scale_205.jpg,rolled-in_scale,4
data/raw/NEU-DET/train/images/rolled-in_scale/rolled-in_scale_206.jpg,rolled-in_scale,4
data/raw/NEU-DET/train/images/rolled-in_scale/rolled-in_scale_207.jpg,rolled-in_scale,4
data/raw/NEU-DET/train/images/rolled-in_scale/rolled-in_scale_208.jpg,rolled-in_scale,4
data/raw/NEU-DET/train/images/rolled-in_scale/rolled-in_scale_209.jpg,rolled-in_scale,4
data/raw/NEU-DET/train/images/rolled-in_scale/rolled-in_scale_21.jpg,rolled-in_scale,4
data/raw/NEU-DET/train/images/rolled-in_scale/rolled-in_scale_210.jpg,rolled-in_scale,4
data/raw/NEU-DET/train/images/rolled-in_scale/rolled-in_scale_212.jpg,rolled-in_scale,4
data/raw/NEU-DET/train/images/rolled-in_scale/rolled-in_scale_213.jpg,rolled-in_scale,4
data/raw/NEU-DET/train/images/rolled-in_scale/rolled-in_scale_214.jpg,rolled-in_scale,4
data/raw/NEU-DET/train/images/rolled-in_scale/rolled-in_scale_215.jpg,rolled-in_scale,4
data/raw/NEU-DET/train/images/rolled-in_scale/rolled-in_scale_216.jpg,rolled-in_scale,4
data/raw/NEU-DET/train/images/rolled-in_scale/rolled-in_scale_217.jpg,rolled-in_scale,4
data/raw/NEU-DET/train/images/rolled-in_scale/rolled-in_scale_22.jpg,rolled-in_scale,4
data/raw/NEU-DET/train/images/rolled-in_scale/rolled-in_scale_221.jpg,rolled-in_scale,4
data/raw/NEU-DET/train/images/rolled-in_scale/rolled-in_scale_225.jpg,rolled-in_scale,4
data/raw/NEU-DET/train/images/rolled-in_scale/rolled-in_scale_227.jpg,rolled-in_scale,4
data/raw/NEU-DET/train/images/rolled-in_scale/rolled-in_scale_228.jpg,rolled-in_scale,4
data/raw/NEU-DET/train/images/rolled-in_scale/rolled-in_scale_229.jpg,rolled-in_scale,4
data/raw/NEU-DET/train/images/rolled-in_scale/rolled-in_scale_23.jpg,rolled-in_scale,4
data/raw/NEU-DET/train/images/rolled-in_scale/rolled-in_scale_230.jpg,rolled-in_scale,4
data/raw/NEU-DET/train/images/rolled-in_scale/rolled-in_scale_231.jpg,rolled-in_scale,4
data/raw/NEU-DET/train/images/rolled-in_scale/rolled-in_scale_232.jpg,rolled-in_scale,4
data/raw/NEU-DET/train/images/rolled-in_scale/rolled-in_scale_233.jpg,rolled-in_scale,4
data/raw/NEU-DET/train/images/rolled-in_scale/rolled-in_scale_235.jpg,rolled-in_scale,4
data/raw/NEU-DET/train/images/rolled-in_scale/rolled-in_scale_236.jpg,rolled-in_scale,4
data/raw/NEU-DET/train/images/rolled-in_scale/rolled-in_scale_238.jpg,rolled-in_scale,4
data/raw/NEU-DET/train/images/rolled-in_scale/rolled-in_scale_239.jpg,rolled-in_scale,4
data/raw/NEU-DET/train/images/rolled-in_scale/rolled-in_scale_24.jpg,rolled-in_scale,4
data/raw/NEU-DET/train/images/rolled-in_scale/rolled-in_scale_240.jpg,rolled-in_scale,4
data/raw/NEU-DET/train/images/rolled-in_scale/rolled-in_scale_25.jpg,rolled-in_scale,4
data/raw/NEU-DET/train/images/rolled-in_scale/rolled-in_scale_26.jpg,rolled-in_scale,4
data/raw/NEU-DET/train/images/rolled-in_scale/rolled-in_scale_28.jpg,rolled-in_scale,4
data/raw/NEU-DET/train/images/rolled-in_scale/rolled-in_scale_29.jpg,rolled-in_scale,4
data/raw/NEU-DET/train/images/rolled-in_scale/rolled-in_scale_3.jpg,rolled-in_scale,4
data/raw/NEU-DET/train/images/rolled-in_scale/rolled-in_scale_30.jpg,rolled-in_scale,4
data/raw/NEU-DET/train/images/rolled-in_scale/rolled-in_scale_31.jpg,rolled-in_scale,4
data/raw/NEU-DET/train/images/rolled-in_scale/rolled-in_scale_32.jpg,rolled-in_scale,4
data/raw/NEU-DET/train/images/rolled-in_scale/rolled-in_scale_33.jpg,rolled-in_scale,4
data/raw/NEU-DET/train/images/rolled-in_scale/rolled-in_scale_34.jpg,rolled-in_scale,4
data/raw/NEU-DET/train/images/rolled-in_scale/rolled-in_scale_35.jpg,rolled-in_scale,4
data/raw/NEU-DET/train/images/rolled-in_scale/rolled-in_scale_36.jpg,rolled-in_scale,4
data/raw/NEU-DET/train/images/rolled-in_scale/rolled-in_scale_39.jpg,rolled-in_scale,4
data/raw/NEU-DET/train/images/rolled-in_scale/rolled-in_scale_4.jpg,rolled-in_scale,4
data/raw/NEU-DET/train/images/rolled-in_scale/rolled-in_scale_40.jpg,rolled-in_scale,4
data/raw/NEU-DET/train/images/rolled-in_scale/rolled-in_scale_41.jpg,rolled-in_scale,4
data/raw/NEU-DET/train/images/rolled-in_scale/rolled-in_scale_44.jpg,rolled-in_scale,4
data/raw/NEU-DET/train/images/rolled-in_scale/rolled-in_scale_45.jpg,rolled-in_scale,4
data/raw/NEU-DET/train/images/rolled-in_scale/rolled-in_scale_46.jpg,rolled-in_scale,4
data/raw/NEU-DET/train/images/rolled-in_scale/rolled-in_scale_47.jpg,rolled-in_scale,4
data/raw/NEU-DET/train/images/rolled-in_scale/rolled-in_scale_48.jpg,rolled-in_scale,4
data/raw/NEU-DET/train/images/rolled-in_scale/rolled-in_scale_49.jpg,rolled-in_scale,4
data/raw/NEU-DET/train/images/rolled-in_scale/rolled-in_scale_5.jpg,rolled-in_scale,4
data/raw/NEU-DET/train/images/rolled-in_scale/rolled-in_scale_50.jpg,rolled-in_scale,4
data/raw/NEU-DET/train/images/rolled-in_scale/rolled-in_scale_51.jpg,rolled-in_scale,4
data/raw/NEU-DET/train/images/rolled-in_scale/rolled-in_scale_52.jpg,rolled-in_scale,4
data/raw/NEU-DET/train/images/rolled-in_scale/rolled-in_scale_53.jpg,rolled-in_scale,4
data/raw/NEU-DET/train/images/rolled-in_scale/rolled-in_scale_54.jpg,rolled-in_scale,4
data/raw/NEU-DET/train/images/rolled-in_scale/rolled-in_scale_55.jpg,rolled-in_scale,4
data/raw/NEU-DET/train/images/rolled-in_scale/rolled-in_scale_56.jpg,rolled-in_scale,4
data/raw/NEU-DET/train/images/rolled-in_scale/rolled-in_scale_57.jpg,rolled-in_scale,4
data/raw/NEU-DET/train/images/rolled-in_scale/rolled-in_scale_58.jpg,rolled-in_scale,4
data/raw/NEU-DET/train/images/rolled-in_scale/rolled-in_scale_59.jpg,rolled-in_scale,4
data/raw/NEU-DET/train/images/rolled-in_scale/rolled-in_scale_6.jpg,rolled-in_scale,4
data/raw/NEU-DET/train/images/rolled-in_scale/rolled-in_scale_60.jpg,rolled-in_scale,4
data/raw/NEU-DET/train/images/rolled-in_scale/rolled-in_scale_61.jpg,rolled-in_scale,4
data/raw/NEU-DET/train/images/rolled-in_scale/rolled-in_scale_62.jpg,rolled-in_scale,4
data/raw/NEU-DET/train/images/rolled-in_scale/rolled-in_scale_63.jpg,rolled-in_scale,4
data/raw/NEU-DET/train/images/rolled-in_scale/rolled-in_scale_64.jpg,rolled-in_scale,4
data/raw/NEU-DET/train/images/rolled-in_scale/rolled-in_scale_65.jpg,rolled-in_scale,4
data/raw/NEU-DET/train/images/rolled-in_scale/rolled-in_scale_66.jpg,rolled-in_scale,4
data/raw/NEU-DET/train/images/rolled-in_scale/rolled-in_scale_67.jpg,rolled-in_scale,4
data/raw/NEU-DET/train/images/rolled-in_scale/rolled-in_scale_68.jpg,rolled-in_scale,4
data/raw/NEU-DET/train/images/rolled-in_scale/rolled-in_scale_69.jpg,rolled-in_scale,4
data/raw/NEU-DET/train/images/rolled-in_scale/rolled-in_scale_7.jpg,rolled-in_scale,4
data/raw/NEU-DET/train/images/rolled-in_scale/rolled-in_scale_70.jpg,rolled-in_scale,4
data/raw/NEU-DET/train/images/rolled-in_scale/rolled-in_scale_71.jpg,rolled-in_scale,4
data/raw/NEU-DET/train/images/rolled-in_scale/rolled-in_scale_72.jpg,rolled-in_scale,4
data/raw/NEU-DET/train/images/rolled-in_scale/rolled-in_scale_74.jpg,rolled-in_scale,4
data/raw/NEU-DET/train/images/rolled-in_scale/rolled-in_scale_75.jpg,rolled-in_scale,4
data/raw/NEU-DET/train/images/rolled-in_scale/rolled-in_scale_76.jpg,rolled-in_scale,4
data/raw/NEU-DET/train/images/rolled-in_scale/rolled-in_scale_77.jpg,rolled-in_scale,4
data/raw/NEU-DET/train/images/rolled-in_scale/rolled-in_scale_78.jpg,rolled-in_scale,4
data/raw/NEU-DET/train/images/rolled-in_scale/rolled-in_scale_79.jpg,rolled-in_scale,4
data/raw/NEU-DET/train/images/rolled-in_scale/rolled-in_scale_8.jpg,rolled-in_scale,4
data/raw/NEU-DET/train/images/rolled-in_scale/rolled-in_scale_80.jpg,rolled-in_scale,4
data/raw/NEU-DET/train/images/rolled-in_scale/rolled-in_scale_81.jpg,rolled-in_scale,4
data/raw/NEU-DET/train/images/rolled-in_scale/rolled-in_scale_82.jpg,rolled-in_scale,4
data/raw/NEU-DET/train/images/rolled-in_scale/rolled-in_scale_83.jpg,rolled-in_scale,4
data/raw/NEU-DET/train/images/rolled-in_scale/rolled-in_scale_84.jpg,rolled-in_scale,4
data/raw/NEU-DET/train/images/rolled-in_scale/rolled-in_scale_86.jpg,rolled-in_scale,4
data/raw/NEU-DET/train/images/rolled-in_scale/rolled-in_scale_87.jpg,rolled-in_scale,4
data/raw/NEU-DET/train/images/rolled-in_scale/rolled-in_scale_88.jpg,rolled-in_scale,4
data/raw/NEU-DET/train/images/rolled-in_scale/rolled-in_scale_89.jpg,rolled-in_scale,4
data/raw/NEU-DET/train/images/rolled-in_scale/rolled-in_scale_9.jpg,rolled-in_scale,4
data/raw/NEU-DET/train/images/rolled-in_scale/rolled-in_scale_90.jpg,rolled-in_scale,4
data/raw/NEU-DET/train/images/rolled-in_scale/rolled-in_scale_91.jpg,rolled-in_scale,4
data/raw/NEU-DET/train/images/rolled-in_scale/rolled-in_scale_92.jpg,rolled-in_scale,4
data/raw/NEU-DET/train/images/rolled-in_scale/rolled-in_scale_93.jpg,rolled-in_scale,4
data/raw/NEU-DET/train/images/rolled-in_scale/rolled-in_scale_94.jpg,rolled-in_scale,4
data/raw/NEU-DET/train/images/rolled-in_scale/rolled-in_scale_95.jpg,rolled-in_scale,4
data/raw/NEU-DET/train/images/rolled-in_scale/rolled-in_scale_96.jpg,rolled-in_scale,4
data/raw/NEU-DET/train/images/rolled-in_scale/rolled-in_scale_97.jpg,rolled-in_scale,4
data/raw/NEU-DET/train/images/rolled-in_scale/rolled-in_scale_98.jpg,rolled-in_scale,4
data/raw/NEU-DET/train/images/rolled-in_scale/rolled-in_scale_99.jpg,rolled-in_scale,4
data/raw/NEU-DET/train/images/scratches/scratches_10.jpg,scratches,5
data/raw/NEU-DET/train/images/scratches/scratches_100.jpg,scratches,5
data/raw/NEU-DET/train/images/scratches/scratches_101.jpg,scratches,5
data/raw/NEU-DET/train/images/scratches/scratches_102.jpg,scratches,5
data/raw/NEU-DET/train/images/scratches/scratches_103.jpg,scratches,5
data/raw/NEU-DET/train/images/scratches/scratches_104.jpg,scratches,5
data/raw/NEU-DET/train/images/scratches/scratches_106.jpg,scratches,5
data/raw/NEU-DET/train/images/scratches/scratches_107.jpg,scratches,5
data/raw/NEU-DET/train/images/scratches/scratches_108.jpg,scratches,5
data/raw/NEU-DET/train/images/scratches/scratches_109.jpg,scratches,5
data/raw/NEU-DET/train/images/scratches/scratches_11.jpg,scratches,5
data/raw/NEU-DET/train/images/scratches/scratches_110.jpg,scratches,5
data/raw/NEU-DET/train/images/scratches/scratches_111.jpg,scratches,5
data/raw/NEU-DET/train/images/scratches/scratches_112.jpg,scratches,5
data/raw/NEU-DET/train/images/scratches/scratches_113.jpg,scratches,5
data/raw/NEU-DET/train/images/scratches/scratches_116.jpg,scratches,5
data/raw/NEU-DET/train/images/scratches/scratches_117.jpg,scratches,5
data/raw/NEU-DET/train/images/scratches/scratches_118.jpg,scratches,5
data/raw/NEU-DET/train/images/scratches/scratches_119.jpg,scratches,5
data/raw/NEU-DET/train/images/scratches/scratches_12.jpg,scratches,5
data/raw/NEU-DET/train/images/scratches/scratches_120.jpg,scratches,5
data/raw/NEU-DET/train/images/scratches/scratches_121.jpg,scratches,5
data/raw/NEU-DET/train/images/scratches/scratches_122.jpg,scratches,5
data/raw/NEU-DET/train/images/scratches/scratches_123.jpg,scratches,5
data/raw/NEU-DET/train/images/scratches/scratches_126.jpg,scratches,5
data/raw/NEU-DET/train/images/scratches/scratches_128.jpg,scratches,5
data/raw/NEU-DET/train/images/scratches/scratches_129.jpg,scratches,5
data/raw/NEU-DET/train/images/scratches/scratches_13.jpg,scratches,5
data/raw/NEU-DET/train/images/scratches/scratches_130.jpg,scratches,5
data/raw/NEU-DET/train/images/scratches/scratches_131.jpg,scratches,5
data/raw/NEU-DET/train/images/scratches/scratches_132.jpg,scratches,5
data/raw/NEU-DET/train/images/scratches/scratches_133.jpg,scratches,5
data/raw/NEU-DET/train/images/scratches/scratches_134.jpg,scratches,5
data/raw/NEU-DET/train/images/scratches/scratches_135.jpg,scratches,5
data/raw/NEU-DET/train/images/scratches/scratches_136.jpg,scratches,5
data/raw/NEU-DET/train/images/scratches/scratches_137.jpg,scratches,5
data/raw/NEU-DET/train/images/scratches/scratches_138.jpg,scratches,5
data/raw/NEU-DET/train/images/scratches/scratches_139.jpg,scratches,5
data/raw/NEU-DET/train/images/scratches/scratches_14.jpg,scratches,5
data/raw/NEU-DET/train/images/scratches/scratches_140.jpg,scratches,5
data/raw/NEU-DET/train/images/scratches/scratches_141.jpg,scratches,5
data/raw/NEU-DET/train/images/scratches/scratches_143.jpg,scratches,5
data/raw/NEU-DET/train/images/scratches/scratches_144.jpg,scratches,5
data/raw/NEU-DET/train/images/scratches/scratches_145.jpg,scratches,5
data/raw/NEU-DET/train/images/scratches/scratches_146.jpg,scratches,5
data/raw/NEU-DET/train/images/scratches/scratches_147.jpg,scratches,5
data/raw/NEU-DET/train/images/scratches/scratches_149.jpg,scratches,5
data/raw/NEU-DET/train/images/scratches/scratches_15.jpg,scratches,5
data/raw/NEU-DET/train/images/scratches/scratches_150.jpg,scratches,5
data/raw/NEU-DET/train/images/scratches/scratches_151.jpg,scratches,5
data/raw/NEU-DET/train/images/scratches/scratches_152.jpg,scratches,5
data/raw/NEU-DET/train/images/scratches/scratches_153.jpg,scratches,5
data/raw/NEU-DET/train/images/scratches/scratches_156.jpg,scratches,5
data/raw/NEU-DET/train/images/scratches/scratches_157.jpg,scratches,5
data/raw/NEU-DET/train/images/scratches/scratches_158.jpg,scratches,5
data/raw/NEU-DET/train/images/scratches/scratches_159.jpg,scratches,5
data/raw/NEU-DET/train/images/scratches/scratches_16.jpg,scratches,5
data/raw/NEU-DET/train/images/scratches/scratches_160.jpg,scratches,5
data/raw/NEU-DET/train/images/scratches/scratches_161.jpg,scratches,5
data/raw/NEU-DET/train/images/scratches/scratches_162.jpg,scratches,5
data/raw/NEU-DET/train/images/scratches/scratches_163.jpg,scratches,5
data/raw/NEU-DET/train/images/scratches/scratches_164.jpg,scratches,5
data/raw/NEU-DET/train/images/scratches/scratches_165.jpg,scratches,5
data/raw/NEU-DET/train/images/scratches/scratches_166.jpg,scratches,5
data/raw/NEU-DET/train/images/scratches/scratches_167.jpg,scratches,5
data/raw/NEU-DET/train/images/scratches/scratches_168.jpg,scratches,5
data/raw/NEU-DET/train/images/scratches/scratches_17.jpg,scratches,5
data/raw/NEU-DET/train/images/scratches/scratches_170.jpg,scratches,5
data/raw/NEU-DET/train/images/scratches/scratches_171.jpg,scratches,5
data/raw/NEU-DET/train/images/scratches/scratches_172.jpg,scratches,5
data/raw/NEU-DET/train/images/scratches/scratches_173.jpg,scratches,5
data/raw/NEU-DET/train/images/scratches/scratches_174.jpg,scratches,5
data/raw/NEU-DET/train/images/scratches/scratches_175.jpg,scratches,5
data/raw/NEU-DET/train/images/scratches/scratches_176.jpg,scratches,5
data/raw/NEU-DET/train/images/scratches/scratches_177.jpg,scratches,5
data/raw/NEU-DET/train/images/scratches/scratches_178.jpg,scratches,5
data/raw/NEU-DET/train/images/scratches/scratches_179.jpg,scratches,5
data/raw/NEU-DET/train/images/scratches/scratches_18.jpg,scratches,5
data/raw/NEU-DET/train/images/scratches/scratches_180.jpg,scratches,5
data/raw/NEU-DET/train/images/scratches/scratches_181.jpg,scratches,5
data/raw/NEU-DET/train/images/scratches/scratches_182.jpg,scratches,5
data/raw/NEU-DET/train/images/scratches/scratches_183.jpg,scratches,5
data/raw/NEU-DET/train/images/scratches/scratches_184.jpg,scratches,5
data/raw/NEU-DET/train/images/scratches/scratches_185.jpg,scratches,5
data/raw/NEU-DET/train/images/scratches/scratches_186.jpg,scratches,5
data/raw/NEU-DET/train/images/scratches/scratches_187.jpg,scratches,5
data/raw/NEU-DET/train/images/scratches/scratches_188.jpg,scratches,5
data/raw/NEU-DET/train/images/scratches/scratches_189.jpg,scratches,5
data/raw/NEU-DET/train/images/scratches/scratches_19.jpg,scratches,5
data/raw/NEU-DET/train/images/scratches/scratches_190.jpg,scratches,5
data/raw/NEU-DET/train/images/scratches/scratches_192.jpg,scratches,5
data/raw/NEU-DET/train/images/scratches/scratches_193.jpg,scratches,5
data/raw/NEU-DET/train/images/scratches/scratches_194.jpg,scratches,5
data/raw/NEU-DET/train/images/scratches/scratches_195.jpg,scratches,5
data/raw/NEU-DET/train/images/scratches/scratches_196.jpg,scratches,5
data/raw/NEU-DET/train/images/scratches/scratches_197.jpg,scratches,5
data/raw/NEU-DET/train/images/scratches/scratches_198.jpg,scratches,5
data/raw/NEU-DET/train/images/scratches/scratches_199.jpg,scratches,5
data/raw/NEU-DET/train/images/scratches/scratches_2.jpg,scratches,5
data/raw/NEU-DET/train/images/scratches/scratches_202.jpg,scratches,5
data/raw/NEU-DET/train/images/scratches/scratches_203.jpg,scratches,5
data/raw/NEU-DET/train/images/scratches/scratches_204.jpg,scratches,5
data/raw/NEU-DET/train/images/scratches/scratches_205.jpg,scratches,5
data/raw/NEU-DET/train/images/scratches/scratches_206.jpg,scratches,5
data/raw/NEU-DET/train/images/scratches/scratches_207.jpg,scratches,5
data/raw/NEU-DET/train/images/scratches/scratches_208.jpg,scratches,5
data/raw/NEU-DET/train/images/scratches/scratches_21.jpg,scratches,5
data/raw/NEU-DET/train/images/scratches/scratches_210.jpg,scratches,5
data/raw/NEU-DET/train/images/scratches/scratches_211.jpg,scratches,5
data/raw/NEU-DET/train/images/scratches/scratches_212.jpg,scratches,5
data/raw/NEU-DET/train/images/scratches/scratches_213.jpg,scratches,5
data/raw/NEU-DET/train/images/scratches/scratches_215.jpg,scratches,5
data/raw/NEU-DET/train/images/scratches/scratches_218.jpg,scratches,5
data/raw/NEU-DET/train/images/scratches/scratches_219.jpg,scratches,5
data/raw/NEU-DET/train/images/scratches/scratches_22.jpg,scratches,5
data/raw/NEU-DET/train/images/scratches/scratches_220.jpg,scratches,5
data/raw/NEU-DET/train/images/scratches/scratches_221.jpg,scratches,5
data/raw/NEU-DET/train/images/scratches/scratches_222.jpg,scratches,5
data/raw/NEU-DET/train/images/scratches/scratches_223.jpg,scratches,5
data/raw/NEU-DET/train/images/scratches/scratches_224.jpg,scratches,5
data/raw/NEU-DET/train/images/scratches/scratches_226.jpg,scratches,5
data/raw/NEU-DET/train/images/scratches/scratches_227.jpg,scratches,5
data/raw/NEU-DET/train/images/scratches/scratches_229.jpg,scratches,5
data/raw/NEU-DET/train/images/scratches/scratches_23.jpg,scratches,5
data/raw/NEU-DET/train/images/scratches/scratches_230.jpg,scratches,5
data/raw/NEU-DET/train/images/scratches/scratches_231.jpg,scratches,5
data/raw/NEU-DET/train/images/scratches/scratches_232.jpg,scratches,5
data/raw/NEU-DET/train/images/scratches/scratches_233.jpg,scratches,5
data/raw/NEU-DET/train/images/scratches/scratches_234.jpg,scratches,5
data/raw/NEU-DET/train/images/scratches/scratches_235.jpg,scratches,5
data/raw/NEU-DET/train/images/scratches/scratches_236.jpg,scratches,5
data/raw/NEU-DET/train/images/scratches/scratches_237.jpg,scratches,5
data/raw/NEU-DET/train/images/scratches/scratches_238.jpg,scratches,5
data/raw/NEU-DET/train/images/scratches/scratches_239.jpg,scratches,5
data/raw/NEU-DET/train/images/scratches/scratches_25.jpg,scratches,5
data/raw/NEU-DET/train/images/scratches/scratches_26.jpg,scratches,5
data/raw/NEU-DET/train/images/scratches/scratches_27.jpg,scratches,5
data/raw/NEU-DET/train/images/scratches/scratches_28.jpg,scratches,5
data/raw/NEU-DET/train/images/scratches/scratches_29.jpg,scratches,5
data/raw/NEU-DET/train/images/scratches/scratches_3.jpg,scratches,5
data/raw/NEU-DET/train/images/scratches/scratches_30.jpg,scratches,5
data/raw/NEU-DET/train/images/scratches/scratches_32.jpg,scratches,5
data/raw/NEU-DET/train/images/scratches/scratches_34.jpg,scratches,5
data/raw/NEU-DET/train/images/scratches/scratches_35.jpg,scratches,5
data/raw/NEU-DET/train/images/scratches/scratches_36.jpg,scratches,5
data/raw/NEU-DET/train/images/scratches/scratches_37.jpg,scratches,5
data/raw/NEU-DET/train/images/scratches/scratches_39.jpg,scratches,5
data/raw/NEU-DET/train/images/scratches/scratches_40.jpg,scratches,5
data/raw/NEU-DET/train/images/scratches/scratches_41.jpg,scratches,5
data/raw/NEU-DET/train/images/scratches/scratches_42.jpg,scratches,5
data/raw/NEU-DET/train/images/scratches/scratches_44.jpg,scratches,5
data/raw/NEU-DET/train/images/scratches/scratches_45.jpg,scratches,5
data/raw/NEU-DET/train/images/scratches/scratches_46.jpg,scratches,5
data/raw/NEU-DET/train/images/scratches/scratches_47.jpg,scratches,5
data/raw/NEU-DET/train/images/scratches/scratches_49.jpg,scratches,5
data/raw/NEU-DET/train/images/scratches/scratches_5.jpg,scratches,5
data/raw/NEU-DET/train/images/scratches/scratches_50.jpg,scratches,5
data/raw/NEU-DET/train/images/scratches/scratches_51.jpg,scratches,5
data/raw/NEU-DET/train/images/scratches/scratches_52.jpg,scratches,5
data/raw/NEU-DET/train/images/scratches/scratches_53.jpg,scratches,5
data/raw/NEU-DET/train/images/scratches/scratches_54.jpg,scratches,5
data/raw/NEU-DET/train/images/scratches/scratches_55.jpg,scratches,5
data/raw/NEU-DET/train/images/scratches/scratches_56.jpg,scratches,5
data/raw/NEU-DET/train/images/scratches/scratches_58.jpg,scratches,5
data/raw/NEU-DET/train/images/scratches/scratches_59.jpg,scratches,5
data/raw/NEU-DET/train/images/scratches/scratches_6.jpg,scratches,5
data/raw/NEU-DET/train/images/scratches/scratches_60.jpg,scratches,5
data/raw/NEU-DET/train/images/scratches/scratches_61.jpg,scratches,5
data/raw/NEU-DET/train/images/scratches/scratches_62.jpg,scratches,5
data/raw/NEU-DET/train/images/scratches/scratches_63.jpg,scratches,5
data/raw/NEU-DET/train/images/scratches/scratches_64.jpg,scratches,5
data/raw/NEU-DET/train/images/scratches/scratches_65.jpg,scratches,5
data/raw/NEU-DET/train/images/scratches/scratches_66.jpg,scratches,5
data/raw/NEU-DET/train/images/scratches/scratches_67.jpg,scratches,5
data/raw/NEU-DET/train/images/scratches/scratches_68.jpg,scratches,5
data/raw/NEU-DET/train/images/scratches/scratches_69.jpg,scratches,5
data/raw/NEU-DET/train/images/scratches/scratches_7.jpg,scratches,5
data/raw/NEU-DET/train/images/scratches/scratches_70.jpg,scratches,5
data/raw/NEU-DET/train/images/scratches/scratches_71.jpg,scratches,5
data/raw/NEU-DET/train/images/scratches/scratches_73.jpg,scratches,5
data/raw/NEU-DET/train/images/scratches/scratches_74.jpg,scratches,5
data/raw/NEU-DET/train/images/scratches/scratches_75.jpg,scratches,5
data/raw/NEU-DET/train/images/scratches/scratches_77.jpg,scratches,5
data/raw/NEU-DET/train/images/scratches/scratches_78.jpg,scratches,5
data/raw/NEU-DET/train/images/scratches/scratches_79.jpg,scratches,5
data/raw/NEU-DET/train/images/scratches/scratches_8.jpg,scratches,5
data/raw/NEU-DET/train/images/scratches/scratches_80.jpg,scratches,5
data/raw/NEU-DET/train/images/scratches/scratches_83.jpg,scratches,5
data/raw/NEU-DET/train/images/scratches/scratches_84.jpg,scratches,5
data/raw/NEU-DET/train/images/scratches/scratches_85.jpg,scratches,5
data/raw/NEU-DET/train/images/scratches/scratches_86.jpg,scratches,5
data/raw/NEU-DET/train/images/scratches/scratches_87.jpg,scratches,5
data/raw/NEU-DET/train/images/scratches/scratches_88.jpg,scratches,5
data/raw/NEU-DET/train/images/scratches/scratches_89.jpg,scratches,5
data/raw/NEU-DET/train/images/scratches/scratches_9.jpg,scratches,5
data/raw/NEU-DET/train/images/scratches/scratches_90.jpg,scratches,5
data/raw/NEU-DET/train/images/scratches/scratches_91.jpg,scratches,5
data/raw/NEU-DET/train/images/scratches/scratches_92.jpg,scratches,5
data/raw/NEU-DET/train/images/scratches/scratches_93.jpg,scratches,5
data/raw/NEU-DET/train/images/scratches/scratches_94.jpg,scratches,5
data/raw/NEU-DET/train/images/scratches/scratches_95.jpg,scratches,5
data/raw/NEU-DET/train/images/scratches/scratches_97.jpg,scratches,5
data/raw/NEU-DET/train/images/scratches/scratches_98.jpg,scratches,5
data/raw/NEU-DET/train/images/scratches/scratches_99.jpg,scratches,5
