epoch,train_loss,train_macro_f1,val_loss,val_macro_f1,val_accuracy
1,0.4968200795784995,0.9168207607259683,0.06951121827242551,0.9907335907335907,0.9907407407407407
2,0.3270638901877384,0.9820204104212911,0.08497147344880635,0.9861030678703843,0.9861111111111112
3,0.295404605073999,0.9910207449598559,0.042056167843165224,1.0,1.0
4,0.317947383138457,0.9828579258578484,0.037360724061727524,0.9953694771367934,0.9953703703703703
5,0.2864319867807047,0.993466015398374,0.0444165006003998,0.9953694771367934,0.9953703703703703
6,0.2815960600107104,0.9934457045100699,0.03472231742408541,1.0,1.0
7,0.2745767925132617,0.9950979802465895,0.037556112778407556,1.0,1.0
8,0.27525264387820847,0.9959170105869372,0.03970823588746565,1.0,1.0
9,0.26676798073951086,0.9975490146998848,0.044142913418235605,0.9953694771367934,0.9953703703703703
10,0.2645280091175756,0.9975490048839681,0.03283577895274869,1.0,1.0
11,0.2659323236928645,0.9967300040649674,0.04164139360741333,1.0,1.0
12,0.2602403375669668,0.9975469875676821,0.030851212433642812,1.0,1.0
13,0.2593317810668384,0.9991830016279893,0.034797576152616076,1.0,1.0
14,0.25787496249985714,0.9983679910509179,0.036526965736239043,1.0,1.0
15,0.25725535554956047,0.9983639860125822,0.03616679777149801,1.0,1.0
